"","sensitivities","specificities","model"
"1",1,0,"SRNlesionALL"
"2",1,0.00418410041841004,"SRNlesionALL"
"3",0.994535519125683,0.00418410041841004,"SRNlesionALL"
"4",0.994535519125683,0.00836820083682008,"SRNlesionALL"
"5",0.994535519125683,0.0125523012552301,"SRNlesionALL"
"6",0.994535519125683,0.0167364016736402,"SRNlesionALL"
"7",0.989071038251366,0.0167364016736402,"SRNlesionALL"
"8",0.989071038251366,0.0209205020920502,"SRNlesionALL"
"9",0.989071038251366,0.0251046025104603,"SRNlesionALL"
"10",0.989071038251366,0.0292887029288703,"SRNlesionALL"
"11",0.989071038251366,0.0334728033472803,"SRNlesionALL"
"12",0.989071038251366,0.0376569037656904,"SRNlesionALL"
"13",0.989071038251366,0.0418410041841004,"SRNlesionALL"
"14",0.989071038251366,0.0460251046025105,"SRNlesionALL"
"15",0.989071038251366,0.0502092050209205,"SRNlesionALL"
"16",0.989071038251366,0.0543933054393305,"SRNlesionALL"
"17",0.989071038251366,0.0627615062761506,"SRNlesionALL"
"18",0.983606557377049,0.0627615062761506,"SRNlesionALL"
"19",0.983606557377049,0.0669456066945607,"SRNlesionALL"
"20",0.983606557377049,0.0711297071129707,"SRNlesionALL"
"21",0.983606557377049,0.0753138075313808,"SRNlesionALL"
"22",0.983606557377049,0.0794979079497908,"SRNlesionALL"
"23",0.983606557377049,0.0836820083682008,"SRNlesionALL"
"24",0.983606557377049,0.0878661087866109,"SRNlesionALL"
"25",0.983606557377049,0.0920502092050209,"SRNlesionALL"
"26",0.983606557377049,0.096234309623431,"SRNlesionALL"
"27",0.983606557377049,0.100418410041841,"SRNlesionALL"
"28",0.983606557377049,0.104602510460251,"SRNlesionALL"
"29",0.983606557377049,0.108786610878661,"SRNlesionALL"
"30",0.978142076502732,0.108786610878661,"SRNlesionALL"
"31",0.978142076502732,0.112970711297071,"SRNlesionALL"
"32",0.978142076502732,0.117154811715481,"SRNlesionALL"
"33",0.978142076502732,0.121338912133891,"SRNlesionALL"
"34",0.978142076502732,0.125523012552301,"SRNlesionALL"
"35",0.978142076502732,0.129707112970711,"SRNlesionALL"
"36",0.978142076502732,0.133891213389121,"SRNlesionALL"
"37",0.978142076502732,0.138075313807531,"SRNlesionALL"
"38",0.978142076502732,0.142259414225941,"SRNlesionALL"
"39",0.978142076502732,0.146443514644351,"SRNlesionALL"
"40",0.978142076502732,0.150627615062762,"SRNlesionALL"
"41",0.972677595628415,0.150627615062762,"SRNlesionALL"
"42",0.972677595628415,0.154811715481172,"SRNlesionALL"
"43",0.972677595628415,0.158995815899582,"SRNlesionALL"
"44",0.972677595628415,0.167364016736402,"SRNlesionALL"
"45",0.972677595628415,0.171548117154812,"SRNlesionALL"
"46",0.972677595628415,0.175732217573222,"SRNlesionALL"
"47",0.972677595628415,0.184100418410042,"SRNlesionALL"
"48",0.972677595628415,0.192468619246862,"SRNlesionALL"
"49",0.972677595628415,0.196652719665272,"SRNlesionALL"
"50",0.972677595628415,0.200836820083682,"SRNlesionALL"
"51",0.972677595628415,0.205020920502092,"SRNlesionALL"
"52",0.972677595628415,0.209205020920502,"SRNlesionALL"
"53",0.972677595628415,0.213389121338912,"SRNlesionALL"
"54",0.972677595628415,0.217573221757322,"SRNlesionALL"
"55",0.972677595628415,0.221757322175732,"SRNlesionALL"
"56",0.972677595628415,0.225941422594142,"SRNlesionALL"
"57",0.972677595628415,0.230125523012552,"SRNlesionALL"
"58",0.972677595628415,0.234309623430962,"SRNlesionALL"
"59",0.972677595628415,0.238493723849372,"SRNlesionALL"
"60",0.967213114754098,0.238493723849372,"SRNlesionALL"
"61",0.967213114754098,0.242677824267782,"SRNlesionALL"
"62",0.961748633879781,0.246861924686192,"SRNlesionALL"
"63",0.961748633879781,0.251046025104602,"SRNlesionALL"
"64",0.961748633879781,0.255230125523013,"SRNlesionALL"
"65",0.956284153005464,0.255230125523013,"SRNlesionALL"
"66",0.956284153005464,0.259414225941423,"SRNlesionALL"
"67",0.956284153005464,0.263598326359833,"SRNlesionALL"
"68",0.956284153005464,0.267782426778243,"SRNlesionALL"
"69",0.956284153005464,0.271966527196653,"SRNlesionALL"
"70",0.956284153005464,0.276150627615063,"SRNlesionALL"
"71",0.950819672131147,0.276150627615063,"SRNlesionALL"
"72",0.950819672131147,0.280334728033473,"SRNlesionALL"
"73",0.950819672131147,0.284518828451883,"SRNlesionALL"
"74",0.945355191256831,0.284518828451883,"SRNlesionALL"
"75",0.945355191256831,0.288702928870293,"SRNlesionALL"
"76",0.939890710382514,0.288702928870293,"SRNlesionALL"
"77",0.939890710382514,0.292887029288703,"SRNlesionALL"
"78",0.939890710382514,0.297071129707113,"SRNlesionALL"
"79",0.939890710382514,0.301255230125523,"SRNlesionALL"
"80",0.939890710382514,0.305439330543933,"SRNlesionALL"
"81",0.939890710382514,0.309623430962343,"SRNlesionALL"
"82",0.939890710382514,0.313807531380753,"SRNlesionALL"
"83",0.939890710382514,0.317991631799163,"SRNlesionALL"
"84",0.939890710382514,0.322175732217573,"SRNlesionALL"
"85",0.939890710382514,0.326359832635983,"SRNlesionALL"
"86",0.92896174863388,0.326359832635983,"SRNlesionALL"
"87",0.92896174863388,0.330543933054393,"SRNlesionALL"
"88",0.92896174863388,0.334728033472803,"SRNlesionALL"
"89",0.92896174863388,0.338912133891213,"SRNlesionALL"
"90",0.92896174863388,0.343096234309623,"SRNlesionALL"
"91",0.92896174863388,0.347280334728033,"SRNlesionALL"
"92",0.92896174863388,0.351464435146443,"SRNlesionALL"
"93",0.92896174863388,0.355648535564854,"SRNlesionALL"
"94",0.923497267759563,0.355648535564854,"SRNlesionALL"
"95",0.923497267759563,0.359832635983264,"SRNlesionALL"
"96",0.918032786885246,0.359832635983264,"SRNlesionALL"
"97",0.918032786885246,0.364016736401674,"SRNlesionALL"
"98",0.912568306010929,0.364016736401674,"SRNlesionALL"
"99",0.912568306010929,0.368200836820084,"SRNlesionALL"
"100",0.912568306010929,0.372384937238494,"SRNlesionALL"
"101",0.907103825136612,0.372384937238494,"SRNlesionALL"
"102",0.896174863387978,0.372384937238494,"SRNlesionALL"
"103",0.896174863387978,0.380753138075314,"SRNlesionALL"
"104",0.890710382513661,0.380753138075314,"SRNlesionALL"
"105",0.885245901639344,0.380753138075314,"SRNlesionALL"
"106",0.879781420765027,0.384937238493724,"SRNlesionALL"
"107",0.87431693989071,0.389121338912134,"SRNlesionALL"
"108",0.87431693989071,0.393305439330544,"SRNlesionALL"
"109",0.868852459016393,0.393305439330544,"SRNlesionALL"
"110",0.868852459016393,0.397489539748954,"SRNlesionALL"
"111",0.868852459016393,0.401673640167364,"SRNlesionALL"
"112",0.863387978142076,0.401673640167364,"SRNlesionALL"
"113",0.85792349726776,0.405857740585774,"SRNlesionALL"
"114",0.85792349726776,0.410041841004184,"SRNlesionALL"
"115",0.85792349726776,0.414225941422594,"SRNlesionALL"
"116",0.852459016393443,0.414225941422594,"SRNlesionALL"
"117",0.852459016393443,0.418410041841004,"SRNlesionALL"
"118",0.852459016393443,0.422594142259414,"SRNlesionALL"
"119",0.852459016393443,0.426778242677824,"SRNlesionALL"
"120",0.852459016393443,0.430962343096234,"SRNlesionALL"
"121",0.846994535519126,0.430962343096234,"SRNlesionALL"
"122",0.846994535519126,0.435146443514644,"SRNlesionALL"
"123",0.846994535519126,0.439330543933054,"SRNlesionALL"
"124",0.846994535519126,0.443514644351464,"SRNlesionALL"
"125",0.836065573770492,0.443514644351464,"SRNlesionALL"
"126",0.836065573770492,0.447698744769874,"SRNlesionALL"
"127",0.836065573770492,0.451882845188285,"SRNlesionALL"
"128",0.836065573770492,0.456066945606695,"SRNlesionALL"
"129",0.836065573770492,0.460251046025105,"SRNlesionALL"
"130",0.836065573770492,0.464435146443515,"SRNlesionALL"
"131",0.836065573770492,0.468619246861925,"SRNlesionALL"
"132",0.836065573770492,0.472803347280335,"SRNlesionALL"
"133",0.830601092896175,0.472803347280335,"SRNlesionALL"
"134",0.830601092896175,0.476987447698745,"SRNlesionALL"
"135",0.825136612021858,0.476987447698745,"SRNlesionALL"
"136",0.825136612021858,0.481171548117155,"SRNlesionALL"
"137",0.825136612021858,0.485355648535565,"SRNlesionALL"
"138",0.825136612021858,0.489539748953975,"SRNlesionALL"
"139",0.825136612021858,0.493723849372385,"SRNlesionALL"
"140",0.825136612021858,0.497907949790795,"SRNlesionALL"
"141",0.819672131147541,0.497907949790795,"SRNlesionALL"
"142",0.819672131147541,0.502092050209205,"SRNlesionALL"
"143",0.819672131147541,0.506276150627615,"SRNlesionALL"
"144",0.814207650273224,0.506276150627615,"SRNlesionALL"
"145",0.814207650273224,0.510460251046025,"SRNlesionALL"
"146",0.808743169398907,0.510460251046025,"SRNlesionALL"
"147",0.80327868852459,0.510460251046025,"SRNlesionALL"
"148",0.80327868852459,0.514644351464435,"SRNlesionALL"
"149",0.80327868852459,0.518828451882845,"SRNlesionALL"
"150",0.80327868852459,0.523012552301255,"SRNlesionALL"
"151",0.80327868852459,0.527196652719665,"SRNlesionALL"
"152",0.80327868852459,0.531380753138075,"SRNlesionALL"
"153",0.797814207650273,0.539748953974895,"SRNlesionALL"
"154",0.797814207650273,0.543933054393305,"SRNlesionALL"
"155",0.797814207650273,0.548117154811716,"SRNlesionALL"
"156",0.797814207650273,0.552301255230126,"SRNlesionALL"
"157",0.792349726775956,0.556485355648536,"SRNlesionALL"
"158",0.786885245901639,0.556485355648536,"SRNlesionALL"
"159",0.786885245901639,0.560669456066946,"SRNlesionALL"
"160",0.781420765027322,0.564853556485356,"SRNlesionALL"
"161",0.781420765027322,0.569037656903766,"SRNlesionALL"
"162",0.775956284153005,0.569037656903766,"SRNlesionALL"
"163",0.775956284153005,0.573221757322176,"SRNlesionALL"
"164",0.775956284153005,0.577405857740586,"SRNlesionALL"
"165",0.775956284153005,0.581589958158996,"SRNlesionALL"
"166",0.775956284153005,0.585774058577406,"SRNlesionALL"
"167",0.775956284153005,0.589958158995816,"SRNlesionALL"
"168",0.775956284153005,0.594142259414226,"SRNlesionALL"
"169",0.770491803278688,0.594142259414226,"SRNlesionALL"
"170",0.765027322404372,0.594142259414226,"SRNlesionALL"
"171",0.765027322404372,0.598326359832636,"SRNlesionALL"
"172",0.765027322404372,0.602510460251046,"SRNlesionALL"
"173",0.765027322404372,0.606694560669456,"SRNlesionALL"
"174",0.765027322404372,0.610878661087866,"SRNlesionALL"
"175",0.765027322404372,0.615062761506276,"SRNlesionALL"
"176",0.765027322404372,0.619246861924686,"SRNlesionALL"
"177",0.765027322404372,0.623430962343096,"SRNlesionALL"
"178",0.759562841530055,0.623430962343096,"SRNlesionALL"
"179",0.759562841530055,0.627615062761506,"SRNlesionALL"
"180",0.754098360655738,0.627615062761506,"SRNlesionALL"
"181",0.748633879781421,0.627615062761506,"SRNlesionALL"
"182",0.748633879781421,0.631799163179916,"SRNlesionALL"
"183",0.743169398907104,0.631799163179916,"SRNlesionALL"
"184",0.743169398907104,0.635983263598326,"SRNlesionALL"
"185",0.743169398907104,0.640167364016736,"SRNlesionALL"
"186",0.743169398907104,0.644351464435146,"SRNlesionALL"
"187",0.737704918032787,0.648535564853556,"SRNlesionALL"
"188",0.73224043715847,0.648535564853556,"SRNlesionALL"
"189",0.726775956284153,0.648535564853556,"SRNlesionALL"
"190",0.721311475409836,0.648535564853556,"SRNlesionALL"
"191",0.715846994535519,0.648535564853556,"SRNlesionALL"
"192",0.715846994535519,0.652719665271967,"SRNlesionALL"
"193",0.715846994535519,0.661087866108787,"SRNlesionALL"
"194",0.710382513661202,0.661087866108787,"SRNlesionALL"
"195",0.710382513661202,0.665271966527197,"SRNlesionALL"
"196",0.710382513661202,0.669456066945607,"SRNlesionALL"
"197",0.710382513661202,0.673640167364017,"SRNlesionALL"
"198",0.710382513661202,0.677824267782427,"SRNlesionALL"
"199",0.704918032786885,0.677824267782427,"SRNlesionALL"
"200",0.699453551912568,0.677824267782427,"SRNlesionALL"
"201",0.699453551912568,0.682008368200837,"SRNlesionALL"
"202",0.693989071038251,0.682008368200837,"SRNlesionALL"
"203",0.693989071038251,0.686192468619247,"SRNlesionALL"
"204",0.693989071038251,0.690376569037657,"SRNlesionALL"
"205",0.693989071038251,0.694560669456067,"SRNlesionALL"
"206",0.688524590163934,0.698744769874477,"SRNlesionALL"
"207",0.683060109289617,0.698744769874477,"SRNlesionALL"
"208",0.677595628415301,0.698744769874477,"SRNlesionALL"
"209",0.672131147540984,0.698744769874477,"SRNlesionALL"
"210",0.672131147540984,0.702928870292887,"SRNlesionALL"
"211",0.666666666666667,0.702928870292887,"SRNlesionALL"
"212",0.666666666666667,0.707112970711297,"SRNlesionALL"
"213",0.66120218579235,0.707112970711297,"SRNlesionALL"
"214",0.655737704918033,0.707112970711297,"SRNlesionALL"
"215",0.655737704918033,0.715481171548117,"SRNlesionALL"
"216",0.655737704918033,0.719665271966527,"SRNlesionALL"
"217",0.655737704918033,0.723849372384937,"SRNlesionALL"
"218",0.655737704918033,0.728033472803347,"SRNlesionALL"
"219",0.650273224043716,0.728033472803347,"SRNlesionALL"
"220",0.644808743169399,0.728033472803347,"SRNlesionALL"
"221",0.639344262295082,0.728033472803347,"SRNlesionALL"
"222",0.633879781420765,0.728033472803347,"SRNlesionALL"
"223",0.633879781420765,0.732217573221757,"SRNlesionALL"
"224",0.622950819672131,0.732217573221757,"SRNlesionALL"
"225",0.622950819672131,0.736401673640167,"SRNlesionALL"
"226",0.622950819672131,0.740585774058577,"SRNlesionALL"
"227",0.622950819672131,0.744769874476987,"SRNlesionALL"
"228",0.617486338797814,0.744769874476987,"SRNlesionALL"
"229",0.612021857923497,0.744769874476987,"SRNlesionALL"
"230",0.60655737704918,0.744769874476987,"SRNlesionALL"
"231",0.60655737704918,0.748953974895398,"SRNlesionALL"
"232",0.60655737704918,0.753138075313807,"SRNlesionALL"
"233",0.601092896174863,0.753138075313807,"SRNlesionALL"
"234",0.601092896174863,0.757322175732218,"SRNlesionALL"
"235",0.595628415300546,0.757322175732218,"SRNlesionALL"
"236",0.590163934426229,0.757322175732218,"SRNlesionALL"
"237",0.584699453551913,0.757322175732218,"SRNlesionALL"
"238",0.584699453551913,0.761506276150628,"SRNlesionALL"
"239",0.584699453551913,0.765690376569038,"SRNlesionALL"
"240",0.579234972677596,0.765690376569038,"SRNlesionALL"
"241",0.579234972677596,0.769874476987448,"SRNlesionALL"
"242",0.573770491803279,0.769874476987448,"SRNlesionALL"
"243",0.573770491803279,0.774058577405858,"SRNlesionALL"
"244",0.568306010928962,0.774058577405858,"SRNlesionALL"
"245",0.568306010928962,0.778242677824268,"SRNlesionALL"
"246",0.568306010928962,0.782426778242678,"SRNlesionALL"
"247",0.568306010928962,0.790794979079498,"SRNlesionALL"
"248",0.557377049180328,0.790794979079498,"SRNlesionALL"
"249",0.557377049180328,0.799163179916318,"SRNlesionALL"
"250",0.551912568306011,0.799163179916318,"SRNlesionALL"
"251",0.551912568306011,0.803347280334728,"SRNlesionALL"
"252",0.551912568306011,0.807531380753138,"SRNlesionALL"
"253",0.551912568306011,0.811715481171548,"SRNlesionALL"
"254",0.551912568306011,0.815899581589958,"SRNlesionALL"
"255",0.551912568306011,0.820083682008368,"SRNlesionALL"
"256",0.546448087431694,0.820083682008368,"SRNlesionALL"
"257",0.546448087431694,0.824267782426778,"SRNlesionALL"
"258",0.540983606557377,0.824267782426778,"SRNlesionALL"
"259",0.53551912568306,0.824267782426778,"SRNlesionALL"
"260",0.53551912568306,0.828451882845188,"SRNlesionALL"
"261",0.53551912568306,0.832635983263598,"SRNlesionALL"
"262",0.530054644808743,0.832635983263598,"SRNlesionALL"
"263",0.530054644808743,0.836820083682008,"SRNlesionALL"
"264",0.530054644808743,0.841004184100418,"SRNlesionALL"
"265",0.524590163934426,0.841004184100418,"SRNlesionALL"
"266",0.524590163934426,0.845188284518828,"SRNlesionALL"
"267",0.524590163934426,0.849372384937239,"SRNlesionALL"
"268",0.519125683060109,0.849372384937239,"SRNlesionALL"
"269",0.513661202185792,0.849372384937239,"SRNlesionALL"
"270",0.513661202185792,0.853556485355649,"SRNlesionALL"
"271",0.508196721311475,0.857740585774059,"SRNlesionALL"
"272",0.508196721311475,0.861924686192469,"SRNlesionALL"
"273",0.502732240437158,0.861924686192469,"SRNlesionALL"
"274",0.497267759562842,0.861924686192469,"SRNlesionALL"
"275",0.497267759562842,0.866108786610879,"SRNlesionALL"
"276",0.497267759562842,0.870292887029289,"SRNlesionALL"
"277",0.491803278688525,0.870292887029289,"SRNlesionALL"
"278",0.486338797814208,0.870292887029289,"SRNlesionALL"
"279",0.475409836065574,0.874476987447699,"SRNlesionALL"
"280",0.469945355191257,0.874476987447699,"SRNlesionALL"
"281",0.46448087431694,0.874476987447699,"SRNlesionALL"
"282",0.459016393442623,0.874476987447699,"SRNlesionALL"
"283",0.459016393442623,0.878661087866109,"SRNlesionALL"
"284",0.459016393442623,0.882845188284519,"SRNlesionALL"
"285",0.459016393442623,0.887029288702929,"SRNlesionALL"
"286",0.459016393442623,0.891213389121339,"SRNlesionALL"
"287",0.453551912568306,0.891213389121339,"SRNlesionALL"
"288",0.453551912568306,0.895397489539749,"SRNlesionALL"
"289",0.453551912568306,0.899581589958159,"SRNlesionALL"
"290",0.448087431693989,0.899581589958159,"SRNlesionALL"
"291",0.442622950819672,0.899581589958159,"SRNlesionALL"
"292",0.442622950819672,0.903765690376569,"SRNlesionALL"
"293",0.437158469945355,0.903765690376569,"SRNlesionALL"
"294",0.431693989071038,0.903765690376569,"SRNlesionALL"
"295",0.431693989071038,0.907949790794979,"SRNlesionALL"
"296",0.431693989071038,0.912133891213389,"SRNlesionALL"
"297",0.431693989071038,0.916317991631799,"SRNlesionALL"
"298",0.426229508196721,0.916317991631799,"SRNlesionALL"
"299",0.426229508196721,0.920502092050209,"SRNlesionALL"
"300",0.420765027322404,0.920502092050209,"SRNlesionALL"
"301",0.415300546448087,0.920502092050209,"SRNlesionALL"
"302",0.409836065573771,0.920502092050209,"SRNlesionALL"
"303",0.409836065573771,0.924686192468619,"SRNlesionALL"
"304",0.409836065573771,0.928870292887029,"SRNlesionALL"
"305",0.404371584699454,0.928870292887029,"SRNlesionALL"
"306",0.398907103825137,0.928870292887029,"SRNlesionALL"
"307",0.398907103825137,0.933054393305439,"SRNlesionALL"
"308",0.398907103825137,0.937238493723849,"SRNlesionALL"
"309",0.39344262295082,0.937238493723849,"SRNlesionALL"
"310",0.39344262295082,0.941422594142259,"SRNlesionALL"
"311",0.387978142076503,0.941422594142259,"SRNlesionALL"
"312",0.382513661202186,0.941422594142259,"SRNlesionALL"
"313",0.382513661202186,0.945606694560669,"SRNlesionALL"
"314",0.377049180327869,0.945606694560669,"SRNlesionALL"
"315",0.371584699453552,0.945606694560669,"SRNlesionALL"
"316",0.371584699453552,0.949790794979079,"SRNlesionALL"
"317",0.366120218579235,0.949790794979079,"SRNlesionALL"
"318",0.366120218579235,0.95397489539749,"SRNlesionALL"
"319",0.360655737704918,0.95397489539749,"SRNlesionALL"
"320",0.355191256830601,0.95397489539749,"SRNlesionALL"
"321",0.349726775956284,0.95397489539749,"SRNlesionALL"
"322",0.344262295081967,0.95397489539749,"SRNlesionALL"
"323",0.344262295081967,0.9581589958159,"SRNlesionALL"
"324",0.33879781420765,0.9581589958159,"SRNlesionALL"
"325",0.33879781420765,0.96234309623431,"SRNlesionALL"
"326",0.333333333333333,0.96234309623431,"SRNlesionALL"
"327",0.327868852459016,0.96234309623431,"SRNlesionALL"
"328",0.322404371584699,0.96234309623431,"SRNlesionALL"
"329",0.316939890710383,0.96234309623431,"SRNlesionALL"
"330",0.311475409836066,0.96234309623431,"SRNlesionALL"
"331",0.300546448087432,0.96234309623431,"SRNlesionALL"
"332",0.295081967213115,0.96234309623431,"SRNlesionALL"
"333",0.289617486338798,0.96234309623431,"SRNlesionALL"
"334",0.289617486338798,0.96652719665272,"SRNlesionALL"
"335",0.284153005464481,0.96652719665272,"SRNlesionALL"
"336",0.284153005464481,0.97071129707113,"SRNlesionALL"
"337",0.278688524590164,0.97071129707113,"SRNlesionALL"
"338",0.278688524590164,0.97489539748954,"SRNlesionALL"
"339",0.273224043715847,0.97489539748954,"SRNlesionALL"
"340",0.26775956284153,0.97489539748954,"SRNlesionALL"
"341",0.26775956284153,0.97907949790795,"SRNlesionALL"
"342",0.262295081967213,0.97907949790795,"SRNlesionALL"
"343",0.256830601092896,0.97907949790795,"SRNlesionALL"
"344",0.251366120218579,0.97907949790795,"SRNlesionALL"
"345",0.251366120218579,0.98326359832636,"SRNlesionALL"
"346",0.245901639344262,0.98326359832636,"SRNlesionALL"
"347",0.240437158469945,0.98326359832636,"SRNlesionALL"
"348",0.234972677595628,0.98326359832636,"SRNlesionALL"
"349",0.229508196721311,0.98326359832636,"SRNlesionALL"
"350",0.229508196721311,0.98744769874477,"SRNlesionALL"
"351",0.224043715846995,0.98744769874477,"SRNlesionALL"
"352",0.224043715846995,0.99163179916318,"SRNlesionALL"
"353",0.218579234972678,0.99163179916318,"SRNlesionALL"
"354",0.213114754098361,0.99163179916318,"SRNlesionALL"
"355",0.207650273224044,0.99163179916318,"SRNlesionALL"
"356",0.202185792349727,0.99163179916318,"SRNlesionALL"
"357",0.19672131147541,0.99163179916318,"SRNlesionALL"
"358",0.191256830601093,0.99163179916318,"SRNlesionALL"
"359",0.185792349726776,0.99163179916318,"SRNlesionALL"
"360",0.185792349726776,0.99581589958159,"SRNlesionALL"
"361",0.180327868852459,0.99581589958159,"SRNlesionALL"
"362",0.174863387978142,0.99581589958159,"SRNlesionALL"
"363",0.169398907103825,0.99581589958159,"SRNlesionALL"
"364",0.163934426229508,0.99581589958159,"SRNlesionALL"
"365",0.163934426229508,1,"SRNlesionALL"
"366",0.158469945355191,1,"SRNlesionALL"
"367",0.153005464480874,1,"SRNlesionALL"
"368",0.147540983606557,1,"SRNlesionALL"
"369",0.14207650273224,1,"SRNlesionALL"
"370",0.136612021857924,1,"SRNlesionALL"
"371",0.131147540983607,1,"SRNlesionALL"
"372",0.12568306010929,1,"SRNlesionALL"
"373",0.120218579234973,1,"SRNlesionALL"
"374",0.114754098360656,1,"SRNlesionALL"
"375",0.109289617486339,1,"SRNlesionALL"
"376",0.103825136612022,1,"SRNlesionALL"
"377",0.0983606557377049,1,"SRNlesionALL"
"378",0.092896174863388,1,"SRNlesionALL"
"379",0.087431693989071,1,"SRNlesionALL"
"380",0.0819672131147541,1,"SRNlesionALL"
"381",0.0765027322404372,1,"SRNlesionALL"
"382",0.0710382513661202,1,"SRNlesionALL"
"383",0.0655737704918033,1,"SRNlesionALL"
"384",0.0601092896174863,1,"SRNlesionALL"
"385",0.0546448087431694,1,"SRNlesionALL"
"386",0.0491803278688525,1,"SRNlesionALL"
"387",0.0437158469945355,1,"SRNlesionALL"
"388",0.0382513661202186,1,"SRNlesionALL"
"389",0.0327868852459016,1,"SRNlesionALL"
"390",0.0273224043715847,1,"SRNlesionALL"
"391",0.0218579234972678,1,"SRNlesionALL"
"392",0.0163934426229508,1,"SRNlesionALL"
"393",0.0109289617486339,1,"SRNlesionALL"
"394",0.00546448087431694,1,"SRNlesionALL"
"395",0,1,"SRNlesionALL"
"396",1,0,"SRNlesionSELECT"
"397",1,0.00418410041841004,"SRNlesionSELECT"
"398",0.994535519125683,0.00418410041841004,"SRNlesionSELECT"
"399",0.994535519125683,0.00836820083682008,"SRNlesionSELECT"
"400",0.994535519125683,0.0125523012552301,"SRNlesionSELECT"
"401",0.994535519125683,0.0167364016736402,"SRNlesionSELECT"
"402",0.994535519125683,0.0209205020920502,"SRNlesionSELECT"
"403",0.994535519125683,0.0251046025104603,"SRNlesionSELECT"
"404",0.989071038251366,0.0251046025104603,"SRNlesionSELECT"
"405",0.989071038251366,0.0292887029288703,"SRNlesionSELECT"
"406",0.989071038251366,0.0334728033472803,"SRNlesionSELECT"
"407",0.989071038251366,0.0376569037656904,"SRNlesionSELECT"
"408",0.989071038251366,0.0418410041841004,"SRNlesionSELECT"
"409",0.989071038251366,0.0460251046025105,"SRNlesionSELECT"
"410",0.989071038251366,0.0502092050209205,"SRNlesionSELECT"
"411",0.989071038251366,0.0543933054393305,"SRNlesionSELECT"
"412",0.989071038251366,0.0585774058577406,"SRNlesionSELECT"
"413",0.989071038251366,0.0627615062761506,"SRNlesionSELECT"
"414",0.983606557377049,0.0627615062761506,"SRNlesionSELECT"
"415",0.983606557377049,0.0669456066945607,"SRNlesionSELECT"
"416",0.983606557377049,0.0711297071129707,"SRNlesionSELECT"
"417",0.983606557377049,0.0753138075313808,"SRNlesionSELECT"
"418",0.983606557377049,0.0794979079497908,"SRNlesionSELECT"
"419",0.983606557377049,0.0836820083682008,"SRNlesionSELECT"
"420",0.983606557377049,0.0878661087866109,"SRNlesionSELECT"
"421",0.983606557377049,0.0920502092050209,"SRNlesionSELECT"
"422",0.983606557377049,0.096234309623431,"SRNlesionSELECT"
"423",0.983606557377049,0.100418410041841,"SRNlesionSELECT"
"424",0.983606557377049,0.104602510460251,"SRNlesionSELECT"
"425",0.983606557377049,0.108786610878661,"SRNlesionSELECT"
"426",0.983606557377049,0.112970711297071,"SRNlesionSELECT"
"427",0.978142076502732,0.112970711297071,"SRNlesionSELECT"
"428",0.978142076502732,0.117154811715481,"SRNlesionSELECT"
"429",0.978142076502732,0.121338912133891,"SRNlesionSELECT"
"430",0.972677595628415,0.121338912133891,"SRNlesionSELECT"
"431",0.972677595628415,0.125523012552301,"SRNlesionSELECT"
"432",0.972677595628415,0.129707112970711,"SRNlesionSELECT"
"433",0.972677595628415,0.133891213389121,"SRNlesionSELECT"
"434",0.972677595628415,0.138075313807531,"SRNlesionSELECT"
"435",0.972677595628415,0.142259414225941,"SRNlesionSELECT"
"436",0.972677595628415,0.146443514644351,"SRNlesionSELECT"
"437",0.967213114754098,0.146443514644351,"SRNlesionSELECT"
"438",0.967213114754098,0.150627615062762,"SRNlesionSELECT"
"439",0.967213114754098,0.154811715481172,"SRNlesionSELECT"
"440",0.961748633879781,0.154811715481172,"SRNlesionSELECT"
"441",0.961748633879781,0.158995815899582,"SRNlesionSELECT"
"442",0.961748633879781,0.167364016736402,"SRNlesionSELECT"
"443",0.961748633879781,0.171548117154812,"SRNlesionSELECT"
"444",0.961748633879781,0.175732217573222,"SRNlesionSELECT"
"445",0.961748633879781,0.179916317991632,"SRNlesionSELECT"
"446",0.961748633879781,0.184100418410042,"SRNlesionSELECT"
"447",0.961748633879781,0.188284518828452,"SRNlesionSELECT"
"448",0.961748633879781,0.192468619246862,"SRNlesionSELECT"
"449",0.961748633879781,0.196652719665272,"SRNlesionSELECT"
"450",0.956284153005464,0.196652719665272,"SRNlesionSELECT"
"451",0.956284153005464,0.200836820083682,"SRNlesionSELECT"
"452",0.950819672131147,0.200836820083682,"SRNlesionSELECT"
"453",0.950819672131147,0.205020920502092,"SRNlesionSELECT"
"454",0.950819672131147,0.209205020920502,"SRNlesionSELECT"
"455",0.950819672131147,0.213389121338912,"SRNlesionSELECT"
"456",0.950819672131147,0.217573221757322,"SRNlesionSELECT"
"457",0.950819672131147,0.221757322175732,"SRNlesionSELECT"
"458",0.950819672131147,0.225941422594142,"SRNlesionSELECT"
"459",0.950819672131147,0.230125523012552,"SRNlesionSELECT"
"460",0.950819672131147,0.234309623430962,"SRNlesionSELECT"
"461",0.950819672131147,0.238493723849372,"SRNlesionSELECT"
"462",0.950819672131147,0.242677824267782,"SRNlesionSELECT"
"463",0.950819672131147,0.246861924686192,"SRNlesionSELECT"
"464",0.950819672131147,0.251046025104602,"SRNlesionSELECT"
"465",0.950819672131147,0.255230125523013,"SRNlesionSELECT"
"466",0.950819672131147,0.259414225941423,"SRNlesionSELECT"
"467",0.950819672131147,0.263598326359833,"SRNlesionSELECT"
"468",0.950819672131147,0.267782426778243,"SRNlesionSELECT"
"469",0.950819672131147,0.271966527196653,"SRNlesionSELECT"
"470",0.945355191256831,0.271966527196653,"SRNlesionSELECT"
"471",0.945355191256831,0.276150627615063,"SRNlesionSELECT"
"472",0.945355191256831,0.280334728033473,"SRNlesionSELECT"
"473",0.939890710382514,0.280334728033473,"SRNlesionSELECT"
"474",0.939890710382514,0.288702928870293,"SRNlesionSELECT"
"475",0.939890710382514,0.292887029288703,"SRNlesionSELECT"
"476",0.934426229508197,0.292887029288703,"SRNlesionSELECT"
"477",0.934426229508197,0.297071129707113,"SRNlesionSELECT"
"478",0.92896174863388,0.297071129707113,"SRNlesionSELECT"
"479",0.92896174863388,0.301255230125523,"SRNlesionSELECT"
"480",0.923497267759563,0.301255230125523,"SRNlesionSELECT"
"481",0.923497267759563,0.309623430962343,"SRNlesionSELECT"
"482",0.923497267759563,0.313807531380753,"SRNlesionSELECT"
"483",0.923497267759563,0.317991631799163,"SRNlesionSELECT"
"484",0.923497267759563,0.322175732217573,"SRNlesionSELECT"
"485",0.923497267759563,0.326359832635983,"SRNlesionSELECT"
"486",0.923497267759563,0.330543933054393,"SRNlesionSELECT"
"487",0.923497267759563,0.334728033472803,"SRNlesionSELECT"
"488",0.923497267759563,0.338912133891213,"SRNlesionSELECT"
"489",0.918032786885246,0.338912133891213,"SRNlesionSELECT"
"490",0.918032786885246,0.343096234309623,"SRNlesionSELECT"
"491",0.918032786885246,0.347280334728033,"SRNlesionSELECT"
"492",0.918032786885246,0.351464435146443,"SRNlesionSELECT"
"493",0.918032786885246,0.355648535564854,"SRNlesionSELECT"
"494",0.918032786885246,0.359832635983264,"SRNlesionSELECT"
"495",0.918032786885246,0.364016736401674,"SRNlesionSELECT"
"496",0.918032786885246,0.372384937238494,"SRNlesionSELECT"
"497",0.918032786885246,0.376569037656904,"SRNlesionSELECT"
"498",0.918032786885246,0.380753138075314,"SRNlesionSELECT"
"499",0.918032786885246,0.384937238493724,"SRNlesionSELECT"
"500",0.918032786885246,0.389121338912134,"SRNlesionSELECT"
"501",0.918032786885246,0.393305439330544,"SRNlesionSELECT"
"502",0.912568306010929,0.393305439330544,"SRNlesionSELECT"
"503",0.912568306010929,0.397489539748954,"SRNlesionSELECT"
"504",0.912568306010929,0.401673640167364,"SRNlesionSELECT"
"505",0.912568306010929,0.405857740585774,"SRNlesionSELECT"
"506",0.907103825136612,0.405857740585774,"SRNlesionSELECT"
"507",0.907103825136612,0.410041841004184,"SRNlesionSELECT"
"508",0.896174863387978,0.410041841004184,"SRNlesionSELECT"
"509",0.890710382513661,0.410041841004184,"SRNlesionSELECT"
"510",0.885245901639344,0.410041841004184,"SRNlesionSELECT"
"511",0.885245901639344,0.414225941422594,"SRNlesionSELECT"
"512",0.885245901639344,0.418410041841004,"SRNlesionSELECT"
"513",0.885245901639344,0.422594142259414,"SRNlesionSELECT"
"514",0.885245901639344,0.426778242677824,"SRNlesionSELECT"
"515",0.885245901639344,0.430962343096234,"SRNlesionSELECT"
"516",0.885245901639344,0.435146443514644,"SRNlesionSELECT"
"517",0.885245901639344,0.439330543933054,"SRNlesionSELECT"
"518",0.885245901639344,0.443514644351464,"SRNlesionSELECT"
"519",0.885245901639344,0.447698744769874,"SRNlesionSELECT"
"520",0.879781420765027,0.447698744769874,"SRNlesionSELECT"
"521",0.879781420765027,0.451882845188285,"SRNlesionSELECT"
"522",0.87431693989071,0.451882845188285,"SRNlesionSELECT"
"523",0.87431693989071,0.456066945606695,"SRNlesionSELECT"
"524",0.868852459016393,0.456066945606695,"SRNlesionSELECT"
"525",0.868852459016393,0.460251046025105,"SRNlesionSELECT"
"526",0.868852459016393,0.464435146443515,"SRNlesionSELECT"
"527",0.863387978142076,0.464435146443515,"SRNlesionSELECT"
"528",0.863387978142076,0.468619246861925,"SRNlesionSELECT"
"529",0.863387978142076,0.472803347280335,"SRNlesionSELECT"
"530",0.863387978142076,0.476987447698745,"SRNlesionSELECT"
"531",0.863387978142076,0.481171548117155,"SRNlesionSELECT"
"532",0.863387978142076,0.485355648535565,"SRNlesionSELECT"
"533",0.863387978142076,0.489539748953975,"SRNlesionSELECT"
"534",0.85792349726776,0.489539748953975,"SRNlesionSELECT"
"535",0.85792349726776,0.497907949790795,"SRNlesionSELECT"
"536",0.85792349726776,0.502092050209205,"SRNlesionSELECT"
"537",0.852459016393443,0.502092050209205,"SRNlesionSELECT"
"538",0.846994535519126,0.502092050209205,"SRNlesionSELECT"
"539",0.841530054644809,0.502092050209205,"SRNlesionSELECT"
"540",0.841530054644809,0.506276150627615,"SRNlesionSELECT"
"541",0.836065573770492,0.506276150627615,"SRNlesionSELECT"
"542",0.836065573770492,0.510460251046025,"SRNlesionSELECT"
"543",0.830601092896175,0.510460251046025,"SRNlesionSELECT"
"544",0.825136612021858,0.514644351464435,"SRNlesionSELECT"
"545",0.825136612021858,0.518828451882845,"SRNlesionSELECT"
"546",0.825136612021858,0.523012552301255,"SRNlesionSELECT"
"547",0.825136612021858,0.527196652719665,"SRNlesionSELECT"
"548",0.825136612021858,0.531380753138075,"SRNlesionSELECT"
"549",0.819672131147541,0.531380753138075,"SRNlesionSELECT"
"550",0.819672131147541,0.535564853556485,"SRNlesionSELECT"
"551",0.819672131147541,0.539748953974895,"SRNlesionSELECT"
"552",0.819672131147541,0.543933054393305,"SRNlesionSELECT"
"553",0.819672131147541,0.548117154811716,"SRNlesionSELECT"
"554",0.814207650273224,0.548117154811716,"SRNlesionSELECT"
"555",0.814207650273224,0.552301255230126,"SRNlesionSELECT"
"556",0.814207650273224,0.556485355648536,"SRNlesionSELECT"
"557",0.814207650273224,0.560669456066946,"SRNlesionSELECT"
"558",0.814207650273224,0.564853556485356,"SRNlesionSELECT"
"559",0.808743169398907,0.564853556485356,"SRNlesionSELECT"
"560",0.808743169398907,0.569037656903766,"SRNlesionSELECT"
"561",0.808743169398907,0.573221757322176,"SRNlesionSELECT"
"562",0.808743169398907,0.577405857740586,"SRNlesionSELECT"
"563",0.808743169398907,0.581589958158996,"SRNlesionSELECT"
"564",0.80327868852459,0.581589958158996,"SRNlesionSELECT"
"565",0.80327868852459,0.585774058577406,"SRNlesionSELECT"
"566",0.80327868852459,0.589958158995816,"SRNlesionSELECT"
"567",0.80327868852459,0.594142259414226,"SRNlesionSELECT"
"568",0.80327868852459,0.602510460251046,"SRNlesionSELECT"
"569",0.797814207650273,0.602510460251046,"SRNlesionSELECT"
"570",0.792349726775956,0.602510460251046,"SRNlesionSELECT"
"571",0.792349726775956,0.606694560669456,"SRNlesionSELECT"
"572",0.792349726775956,0.610878661087866,"SRNlesionSELECT"
"573",0.792349726775956,0.615062761506276,"SRNlesionSELECT"
"574",0.786885245901639,0.615062761506276,"SRNlesionSELECT"
"575",0.786885245901639,0.619246861924686,"SRNlesionSELECT"
"576",0.786885245901639,0.623430962343096,"SRNlesionSELECT"
"577",0.781420765027322,0.623430962343096,"SRNlesionSELECT"
"578",0.775956284153005,0.623430962343096,"SRNlesionSELECT"
"579",0.770491803278688,0.623430962343096,"SRNlesionSELECT"
"580",0.765027322404372,0.623430962343096,"SRNlesionSELECT"
"581",0.765027322404372,0.631799163179916,"SRNlesionSELECT"
"582",0.765027322404372,0.635983263598326,"SRNlesionSELECT"
"583",0.765027322404372,0.640167364016736,"SRNlesionSELECT"
"584",0.759562841530055,0.640167364016736,"SRNlesionSELECT"
"585",0.754098360655738,0.640167364016736,"SRNlesionSELECT"
"586",0.748633879781421,0.640167364016736,"SRNlesionSELECT"
"587",0.743169398907104,0.640167364016736,"SRNlesionSELECT"
"588",0.737704918032787,0.640167364016736,"SRNlesionSELECT"
"589",0.737704918032787,0.644351464435146,"SRNlesionSELECT"
"590",0.737704918032787,0.648535564853556,"SRNlesionSELECT"
"591",0.737704918032787,0.652719665271967,"SRNlesionSELECT"
"592",0.737704918032787,0.656903765690377,"SRNlesionSELECT"
"593",0.73224043715847,0.656903765690377,"SRNlesionSELECT"
"594",0.726775956284153,0.656903765690377,"SRNlesionSELECT"
"595",0.721311475409836,0.656903765690377,"SRNlesionSELECT"
"596",0.715846994535519,0.661087866108787,"SRNlesionSELECT"
"597",0.715846994535519,0.665271966527197,"SRNlesionSELECT"
"598",0.715846994535519,0.669456066945607,"SRNlesionSELECT"
"599",0.710382513661202,0.669456066945607,"SRNlesionSELECT"
"600",0.710382513661202,0.673640167364017,"SRNlesionSELECT"
"601",0.704918032786885,0.673640167364017,"SRNlesionSELECT"
"602",0.699453551912568,0.673640167364017,"SRNlesionSELECT"
"603",0.699453551912568,0.677824267782427,"SRNlesionSELECT"
"604",0.693989071038251,0.677824267782427,"SRNlesionSELECT"
"605",0.693989071038251,0.682008368200837,"SRNlesionSELECT"
"606",0.688524590163934,0.682008368200837,"SRNlesionSELECT"
"607",0.683060109289617,0.686192468619247,"SRNlesionSELECT"
"608",0.683060109289617,0.690376569037657,"SRNlesionSELECT"
"609",0.677595628415301,0.690376569037657,"SRNlesionSELECT"
"610",0.677595628415301,0.694560669456067,"SRNlesionSELECT"
"611",0.677595628415301,0.698744769874477,"SRNlesionSELECT"
"612",0.677595628415301,0.702928870292887,"SRNlesionSELECT"
"613",0.672131147540984,0.702928870292887,"SRNlesionSELECT"
"614",0.672131147540984,0.707112970711297,"SRNlesionSELECT"
"615",0.672131147540984,0.711297071129707,"SRNlesionSELECT"
"616",0.672131147540984,0.719665271966527,"SRNlesionSELECT"
"617",0.672131147540984,0.723849372384937,"SRNlesionSELECT"
"618",0.672131147540984,0.728033472803347,"SRNlesionSELECT"
"619",0.672131147540984,0.732217573221757,"SRNlesionSELECT"
"620",0.66120218579235,0.732217573221757,"SRNlesionSELECT"
"621",0.66120218579235,0.736401673640167,"SRNlesionSELECT"
"622",0.655737704918033,0.740585774058577,"SRNlesionSELECT"
"623",0.655737704918033,0.744769874476987,"SRNlesionSELECT"
"624",0.655737704918033,0.748953974895398,"SRNlesionSELECT"
"625",0.650273224043716,0.748953974895398,"SRNlesionSELECT"
"626",0.650273224043716,0.753138075313807,"SRNlesionSELECT"
"627",0.650273224043716,0.757322175732218,"SRNlesionSELECT"
"628",0.650273224043716,0.761506276150628,"SRNlesionSELECT"
"629",0.644808743169399,0.761506276150628,"SRNlesionSELECT"
"630",0.639344262295082,0.761506276150628,"SRNlesionSELECT"
"631",0.633879781420765,0.761506276150628,"SRNlesionSELECT"
"632",0.628415300546448,0.761506276150628,"SRNlesionSELECT"
"633",0.628415300546448,0.765690376569038,"SRNlesionSELECT"
"634",0.628415300546448,0.769874476987448,"SRNlesionSELECT"
"635",0.622950819672131,0.769874476987448,"SRNlesionSELECT"
"636",0.617486338797814,0.769874476987448,"SRNlesionSELECT"
"637",0.617486338797814,0.774058577405858,"SRNlesionSELECT"
"638",0.617486338797814,0.778242677824268,"SRNlesionSELECT"
"639",0.617486338797814,0.782426778242678,"SRNlesionSELECT"
"640",0.612021857923497,0.782426778242678,"SRNlesionSELECT"
"641",0.612021857923497,0.786610878661088,"SRNlesionSELECT"
"642",0.612021857923497,0.790794979079498,"SRNlesionSELECT"
"643",0.60655737704918,0.790794979079498,"SRNlesionSELECT"
"644",0.601092896174863,0.794979079497908,"SRNlesionSELECT"
"645",0.595628415300546,0.794979079497908,"SRNlesionSELECT"
"646",0.584699453551913,0.794979079497908,"SRNlesionSELECT"
"647",0.579234972677596,0.794979079497908,"SRNlesionSELECT"
"648",0.573770491803279,0.794979079497908,"SRNlesionSELECT"
"649",0.573770491803279,0.799163179916318,"SRNlesionSELECT"
"650",0.568306010928962,0.799163179916318,"SRNlesionSELECT"
"651",0.568306010928962,0.803347280334728,"SRNlesionSELECT"
"652",0.562841530054645,0.803347280334728,"SRNlesionSELECT"
"653",0.557377049180328,0.807531380753138,"SRNlesionSELECT"
"654",0.557377049180328,0.811715481171548,"SRNlesionSELECT"
"655",0.551912568306011,0.811715481171548,"SRNlesionSELECT"
"656",0.551912568306011,0.815899581589958,"SRNlesionSELECT"
"657",0.551912568306011,0.820083682008368,"SRNlesionSELECT"
"658",0.546448087431694,0.820083682008368,"SRNlesionSELECT"
"659",0.546448087431694,0.824267782426778,"SRNlesionSELECT"
"660",0.540983606557377,0.824267782426778,"SRNlesionSELECT"
"661",0.540983606557377,0.828451882845188,"SRNlesionSELECT"
"662",0.53551912568306,0.832635983263598,"SRNlesionSELECT"
"663",0.53551912568306,0.836820083682008,"SRNlesionSELECT"
"664",0.530054644808743,0.836820083682008,"SRNlesionSELECT"
"665",0.530054644808743,0.841004184100418,"SRNlesionSELECT"
"666",0.524590163934426,0.841004184100418,"SRNlesionSELECT"
"667",0.519125683060109,0.841004184100418,"SRNlesionSELECT"
"668",0.519125683060109,0.845188284518828,"SRNlesionSELECT"
"669",0.513661202185792,0.845188284518828,"SRNlesionSELECT"
"670",0.508196721311475,0.845188284518828,"SRNlesionSELECT"
"671",0.502732240437158,0.845188284518828,"SRNlesionSELECT"
"672",0.502732240437158,0.849372384937239,"SRNlesionSELECT"
"673",0.497267759562842,0.849372384937239,"SRNlesionSELECT"
"674",0.491803278688525,0.849372384937239,"SRNlesionSELECT"
"675",0.486338797814208,0.849372384937239,"SRNlesionSELECT"
"676",0.480874316939891,0.849372384937239,"SRNlesionSELECT"
"677",0.480874316939891,0.853556485355649,"SRNlesionSELECT"
"678",0.480874316939891,0.857740585774059,"SRNlesionSELECT"
"679",0.475409836065574,0.857740585774059,"SRNlesionSELECT"
"680",0.469945355191257,0.857740585774059,"SRNlesionSELECT"
"681",0.46448087431694,0.857740585774059,"SRNlesionSELECT"
"682",0.46448087431694,0.861924686192469,"SRNlesionSELECT"
"683",0.46448087431694,0.866108786610879,"SRNlesionSELECT"
"684",0.459016393442623,0.866108786610879,"SRNlesionSELECT"
"685",0.459016393442623,0.870292887029289,"SRNlesionSELECT"
"686",0.459016393442623,0.874476987447699,"SRNlesionSELECT"
"687",0.453551912568306,0.874476987447699,"SRNlesionSELECT"
"688",0.448087431693989,0.874476987447699,"SRNlesionSELECT"
"689",0.448087431693989,0.878661087866109,"SRNlesionSELECT"
"690",0.442622950819672,0.878661087866109,"SRNlesionSELECT"
"691",0.442622950819672,0.882845188284519,"SRNlesionSELECT"
"692",0.442622950819672,0.887029288702929,"SRNlesionSELECT"
"693",0.437158469945355,0.887029288702929,"SRNlesionSELECT"
"694",0.431693989071038,0.891213389121339,"SRNlesionSELECT"
"695",0.431693989071038,0.895397489539749,"SRNlesionSELECT"
"696",0.426229508196721,0.895397489539749,"SRNlesionSELECT"
"697",0.426229508196721,0.899581589958159,"SRNlesionSELECT"
"698",0.420765027322404,0.903765690376569,"SRNlesionSELECT"
"699",0.415300546448087,0.903765690376569,"SRNlesionSELECT"
"700",0.415300546448087,0.907949790794979,"SRNlesionSELECT"
"701",0.415300546448087,0.912133891213389,"SRNlesionSELECT"
"702",0.415300546448087,0.916317991631799,"SRNlesionSELECT"
"703",0.415300546448087,0.920502092050209,"SRNlesionSELECT"
"704",0.415300546448087,0.924686192468619,"SRNlesionSELECT"
"705",0.409836065573771,0.924686192468619,"SRNlesionSELECT"
"706",0.409836065573771,0.928870292887029,"SRNlesionSELECT"
"707",0.404371584699454,0.928870292887029,"SRNlesionSELECT"
"708",0.404371584699454,0.933054393305439,"SRNlesionSELECT"
"709",0.404371584699454,0.937238493723849,"SRNlesionSELECT"
"710",0.398907103825137,0.937238493723849,"SRNlesionSELECT"
"711",0.398907103825137,0.941422594142259,"SRNlesionSELECT"
"712",0.39344262295082,0.941422594142259,"SRNlesionSELECT"
"713",0.39344262295082,0.945606694560669,"SRNlesionSELECT"
"714",0.387978142076503,0.945606694560669,"SRNlesionSELECT"
"715",0.382513661202186,0.945606694560669,"SRNlesionSELECT"
"716",0.377049180327869,0.945606694560669,"SRNlesionSELECT"
"717",0.371584699453552,0.945606694560669,"SRNlesionSELECT"
"718",0.371584699453552,0.949790794979079,"SRNlesionSELECT"
"719",0.366120218579235,0.949790794979079,"SRNlesionSELECT"
"720",0.360655737704918,0.949790794979079,"SRNlesionSELECT"
"721",0.355191256830601,0.949790794979079,"SRNlesionSELECT"
"722",0.349726775956284,0.949790794979079,"SRNlesionSELECT"
"723",0.344262295081967,0.949790794979079,"SRNlesionSELECT"
"724",0.344262295081967,0.95397489539749,"SRNlesionSELECT"
"725",0.33879781420765,0.95397489539749,"SRNlesionSELECT"
"726",0.333333333333333,0.95397489539749,"SRNlesionSELECT"
"727",0.327868852459016,0.95397489539749,"SRNlesionSELECT"
"728",0.327868852459016,0.9581589958159,"SRNlesionSELECT"
"729",0.322404371584699,0.9581589958159,"SRNlesionSELECT"
"730",0.316939890710383,0.9581589958159,"SRNlesionSELECT"
"731",0.311475409836066,0.9581589958159,"SRNlesionSELECT"
"732",0.311475409836066,0.96234309623431,"SRNlesionSELECT"
"733",0.311475409836066,0.96652719665272,"SRNlesionSELECT"
"734",0.306010928961749,0.96652719665272,"SRNlesionSELECT"
"735",0.300546448087432,0.96652719665272,"SRNlesionSELECT"
"736",0.295081967213115,0.96652719665272,"SRNlesionSELECT"
"737",0.295081967213115,0.97071129707113,"SRNlesionSELECT"
"738",0.289617486338798,0.97071129707113,"SRNlesionSELECT"
"739",0.284153005464481,0.97071129707113,"SRNlesionSELECT"
"740",0.278688524590164,0.97071129707113,"SRNlesionSELECT"
"741",0.273224043715847,0.97071129707113,"SRNlesionSELECT"
"742",0.26775956284153,0.97071129707113,"SRNlesionSELECT"
"743",0.262295081967213,0.97071129707113,"SRNlesionSELECT"
"744",0.256830601092896,0.97071129707113,"SRNlesionSELECT"
"745",0.251366120218579,0.97071129707113,"SRNlesionSELECT"
"746",0.245901639344262,0.97071129707113,"SRNlesionSELECT"
"747",0.240437158469945,0.97071129707113,"SRNlesionSELECT"
"748",0.240437158469945,0.97489539748954,"SRNlesionSELECT"
"749",0.234972677595628,0.97489539748954,"SRNlesionSELECT"
"750",0.234972677595628,0.97907949790795,"SRNlesionSELECT"
"751",0.229508196721311,0.97907949790795,"SRNlesionSELECT"
"752",0.224043715846995,0.97907949790795,"SRNlesionSELECT"
"753",0.218579234972678,0.97907949790795,"SRNlesionSELECT"
"754",0.213114754098361,0.97907949790795,"SRNlesionSELECT"
"755",0.207650273224044,0.97907949790795,"SRNlesionSELECT"
"756",0.202185792349727,0.97907949790795,"SRNlesionSELECT"
"757",0.19672131147541,0.97907949790795,"SRNlesionSELECT"
"758",0.191256830601093,0.97907949790795,"SRNlesionSELECT"
"759",0.191256830601093,0.98326359832636,"SRNlesionSELECT"
"760",0.185792349726776,0.98326359832636,"SRNlesionSELECT"
"761",0.180327868852459,0.98326359832636,"SRNlesionSELECT"
"762",0.180327868852459,0.98744769874477,"SRNlesionSELECT"
"763",0.174863387978142,0.98744769874477,"SRNlesionSELECT"
"764",0.169398907103825,0.98744769874477,"SRNlesionSELECT"
"765",0.169398907103825,0.99163179916318,"SRNlesionSELECT"
"766",0.169398907103825,0.99581589958159,"SRNlesionSELECT"
"767",0.163934426229508,0.99581589958159,"SRNlesionSELECT"
"768",0.158469945355191,0.99581589958159,"SRNlesionSELECT"
"769",0.153005464480874,0.99581589958159,"SRNlesionSELECT"
"770",0.147540983606557,0.99581589958159,"SRNlesionSELECT"
"771",0.14207650273224,0.99581589958159,"SRNlesionSELECT"
"772",0.136612021857924,0.99581589958159,"SRNlesionSELECT"
"773",0.131147540983607,0.99581589958159,"SRNlesionSELECT"
"774",0.12568306010929,0.99581589958159,"SRNlesionSELECT"
"775",0.120218579234973,0.99581589958159,"SRNlesionSELECT"
"776",0.114754098360656,0.99581589958159,"SRNlesionSELECT"
"777",0.109289617486339,0.99581589958159,"SRNlesionSELECT"
"778",0.109289617486339,1,"SRNlesionSELECT"
"779",0.103825136612022,1,"SRNlesionSELECT"
"780",0.0983606557377049,1,"SRNlesionSELECT"
"781",0.092896174863388,1,"SRNlesionSELECT"
"782",0.087431693989071,1,"SRNlesionSELECT"
"783",0.0819672131147541,1,"SRNlesionSELECT"
"784",0.0765027322404372,1,"SRNlesionSELECT"
"785",0.0710382513661202,1,"SRNlesionSELECT"
"786",0.0655737704918033,1,"SRNlesionSELECT"
"787",0.0601092896174863,1,"SRNlesionSELECT"
"788",0.0546448087431694,1,"SRNlesionSELECT"
"789",0.0491803278688525,1,"SRNlesionSELECT"
"790",0.0437158469945355,1,"SRNlesionSELECT"
"791",0.0382513661202186,1,"SRNlesionSELECT"
"792",0.0327868852459016,1,"SRNlesionSELECT"
"793",0.0273224043715847,1,"SRNlesionSELECT"
"794",0.0218579234972678,1,"SRNlesionSELECT"
"795",0.0163934426229508,1,"SRNlesionSELECT"
"796",0.0109289617486339,1,"SRNlesionSELECT"
"797",0.00546448087431694,1,"SRNlesionSELECT"
"798",0,1,"SRNlesionSELECT"
"799",1,0,"lesionALL"
"800",1,0.00581395348837209,"lesionALL"
"801",1,0.0116279069767442,"lesionALL"
"802",1,0.0174418604651163,"lesionALL"
"803",1,0.0232558139534884,"lesionALL"
"804",1,0.0290697674418605,"lesionALL"
"805",0.996,0.0290697674418605,"lesionALL"
"806",0.996,0.0348837209302326,"lesionALL"
"807",0.996,0.0406976744186047,"lesionALL"
"808",0.992,0.0406976744186047,"lesionALL"
"809",0.988,0.0406976744186047,"lesionALL"
"810",0.988,0.0465116279069767,"lesionALL"
"811",0.988,0.0523255813953488,"lesionALL"
"812",0.988,0.0581395348837209,"lesionALL"
"813",0.988,0.063953488372093,"lesionALL"
"814",0.988,0.0697674418604651,"lesionALL"
"815",0.988,0.0755813953488372,"lesionALL"
"816",0.984,0.0755813953488372,"lesionALL"
"817",0.98,0.0755813953488372,"lesionALL"
"818",0.98,0.0813953488372093,"lesionALL"
"819",0.98,0.0872093023255814,"lesionALL"
"820",0.976,0.0872093023255814,"lesionALL"
"821",0.976,0.0930232558139535,"lesionALL"
"822",0.972,0.0930232558139535,"lesionALL"
"823",0.968,0.0930232558139535,"lesionALL"
"824",0.968,0.0988372093023256,"lesionALL"
"825",0.964,0.0988372093023256,"lesionALL"
"826",0.964,0.104651162790698,"lesionALL"
"827",0.964,0.11046511627907,"lesionALL"
"828",0.964,0.116279069767442,"lesionALL"
"829",0.964,0.122093023255814,"lesionALL"
"830",0.96,0.122093023255814,"lesionALL"
"831",0.96,0.127906976744186,"lesionALL"
"832",0.96,0.133720930232558,"lesionALL"
"833",0.96,0.13953488372093,"lesionALL"
"834",0.96,0.145348837209302,"lesionALL"
"835",0.96,0.151162790697674,"lesionALL"
"836",0.96,0.156976744186047,"lesionALL"
"837",0.956,0.156976744186047,"lesionALL"
"838",0.956,0.162790697674419,"lesionALL"
"839",0.956,0.168604651162791,"lesionALL"
"840",0.956,0.180232558139535,"lesionALL"
"841",0.948,0.180232558139535,"lesionALL"
"842",0.944,0.180232558139535,"lesionALL"
"843",0.94,0.180232558139535,"lesionALL"
"844",0.94,0.186046511627907,"lesionALL"
"845",0.936,0.186046511627907,"lesionALL"
"846",0.932,0.186046511627907,"lesionALL"
"847",0.932,0.191860465116279,"lesionALL"
"848",0.932,0.203488372093023,"lesionALL"
"849",0.932,0.209302325581395,"lesionALL"
"850",0.928,0.209302325581395,"lesionALL"
"851",0.928,0.215116279069767,"lesionALL"
"852",0.928,0.22093023255814,"lesionALL"
"853",0.928,0.226744186046512,"lesionALL"
"854",0.928,0.232558139534884,"lesionALL"
"855",0.924,0.232558139534884,"lesionALL"
"856",0.92,0.232558139534884,"lesionALL"
"857",0.916,0.232558139534884,"lesionALL"
"858",0.912,0.232558139534884,"lesionALL"
"859",0.908,0.232558139534884,"lesionALL"
"860",0.908,0.238372093023256,"lesionALL"
"861",0.908,0.244186046511628,"lesionALL"
"862",0.904,0.244186046511628,"lesionALL"
"863",0.904,0.25,"lesionALL"
"864",0.904,0.255813953488372,"lesionALL"
"865",0.904,0.261627906976744,"lesionALL"
"866",0.904,0.267441860465116,"lesionALL"
"867",0.9,0.267441860465116,"lesionALL"
"868",0.9,0.273255813953488,"lesionALL"
"869",0.9,0.27906976744186,"lesionALL"
"870",0.896,0.27906976744186,"lesionALL"
"871",0.896,0.284883720930233,"lesionALL"
"872",0.896,0.290697674418605,"lesionALL"
"873",0.896,0.296511627906977,"lesionALL"
"874",0.892,0.296511627906977,"lesionALL"
"875",0.892,0.302325581395349,"lesionALL"
"876",0.892,0.308139534883721,"lesionALL"
"877",0.888,0.308139534883721,"lesionALL"
"878",0.888,0.313953488372093,"lesionALL"
"879",0.888,0.319767441860465,"lesionALL"
"880",0.888,0.325581395348837,"lesionALL"
"881",0.888,0.331395348837209,"lesionALL"
"882",0.888,0.337209302325581,"lesionALL"
"883",0.884,0.337209302325581,"lesionALL"
"884",0.88,0.337209302325581,"lesionALL"
"885",0.88,0.343023255813953,"lesionALL"
"886",0.88,0.354651162790698,"lesionALL"
"887",0.88,0.36046511627907,"lesionALL"
"888",0.876,0.36046511627907,"lesionALL"
"889",0.872,0.36046511627907,"lesionALL"
"890",0.868,0.36046511627907,"lesionALL"
"891",0.868,0.366279069767442,"lesionALL"
"892",0.868,0.372093023255814,"lesionALL"
"893",0.864,0.372093023255814,"lesionALL"
"894",0.864,0.377906976744186,"lesionALL"
"895",0.864,0.383720930232558,"lesionALL"
"896",0.86,0.383720930232558,"lesionALL"
"897",0.86,0.38953488372093,"lesionALL"
"898",0.856,0.395348837209302,"lesionALL"
"899",0.852,0.395348837209302,"lesionALL"
"900",0.848,0.395348837209302,"lesionALL"
"901",0.844,0.401162790697674,"lesionALL"
"902",0.844,0.406976744186047,"lesionALL"
"903",0.84,0.406976744186047,"lesionALL"
"904",0.832,0.406976744186047,"lesionALL"
"905",0.828,0.406976744186047,"lesionALL"
"906",0.824,0.406976744186047,"lesionALL"
"907",0.82,0.406976744186047,"lesionALL"
"908",0.82,0.418604651162791,"lesionALL"
"909",0.816,0.418604651162791,"lesionALL"
"910",0.808,0.418604651162791,"lesionALL"
"911",0.804,0.418604651162791,"lesionALL"
"912",0.8,0.418604651162791,"lesionALL"
"913",0.8,0.424418604651163,"lesionALL"
"914",0.796,0.424418604651163,"lesionALL"
"915",0.796,0.430232558139535,"lesionALL"
"916",0.792,0.430232558139535,"lesionALL"
"917",0.792,0.436046511627907,"lesionALL"
"918",0.792,0.441860465116279,"lesionALL"
"919",0.792,0.447674418604651,"lesionALL"
"920",0.792,0.453488372093023,"lesionALL"
"921",0.792,0.459302325581395,"lesionALL"
"922",0.792,0.465116279069767,"lesionALL"
"923",0.792,0.47093023255814,"lesionALL"
"924",0.792,0.476744186046512,"lesionALL"
"925",0.788,0.476744186046512,"lesionALL"
"926",0.788,0.482558139534884,"lesionALL"
"927",0.788,0.488372093023256,"lesionALL"
"928",0.788,0.494186046511628,"lesionALL"
"929",0.784,0.494186046511628,"lesionALL"
"930",0.78,0.5,"lesionALL"
"931",0.772,0.5,"lesionALL"
"932",0.768,0.5,"lesionALL"
"933",0.764,0.5,"lesionALL"
"934",0.756,0.5,"lesionALL"
"935",0.752,0.5,"lesionALL"
"936",0.752,0.505813953488372,"lesionALL"
"937",0.752,0.511627906976744,"lesionALL"
"938",0.752,0.517441860465116,"lesionALL"
"939",0.748,0.517441860465116,"lesionALL"
"940",0.744,0.517441860465116,"lesionALL"
"941",0.74,0.517441860465116,"lesionALL"
"942",0.736,0.517441860465116,"lesionALL"
"943",0.736,0.529069767441861,"lesionALL"
"944",0.732,0.529069767441861,"lesionALL"
"945",0.732,0.534883720930233,"lesionALL"
"946",0.732,0.540697674418605,"lesionALL"
"947",0.732,0.546511627906977,"lesionALL"
"948",0.728,0.546511627906977,"lesionALL"
"949",0.724,0.546511627906977,"lesionALL"
"950",0.724,0.552325581395349,"lesionALL"
"951",0.724,0.558139534883721,"lesionALL"
"952",0.72,0.558139534883721,"lesionALL"
"953",0.72,0.563953488372093,"lesionALL"
"954",0.72,0.569767441860465,"lesionALL"
"955",0.72,0.575581395348837,"lesionALL"
"956",0.716,0.575581395348837,"lesionALL"
"957",0.716,0.581395348837209,"lesionALL"
"958",0.712,0.587209302325581,"lesionALL"
"959",0.708,0.587209302325581,"lesionALL"
"960",0.704,0.587209302325581,"lesionALL"
"961",0.7,0.587209302325581,"lesionALL"
"962",0.696,0.587209302325581,"lesionALL"
"963",0.692,0.587209302325581,"lesionALL"
"964",0.692,0.593023255813954,"lesionALL"
"965",0.692,0.604651162790698,"lesionALL"
"966",0.688,0.604651162790698,"lesionALL"
"967",0.688,0.61046511627907,"lesionALL"
"968",0.684,0.61046511627907,"lesionALL"
"969",0.684,0.616279069767442,"lesionALL"
"970",0.68,0.616279069767442,"lesionALL"
"971",0.68,0.622093023255814,"lesionALL"
"972",0.676,0.622093023255814,"lesionALL"
"973",0.676,0.627906976744186,"lesionALL"
"974",0.676,0.633720930232558,"lesionALL"
"975",0.676,0.63953488372093,"lesionALL"
"976",0.676,0.645348837209302,"lesionALL"
"977",0.672,0.645348837209302,"lesionALL"
"978",0.664,0.645348837209302,"lesionALL"
"979",0.664,0.651162790697674,"lesionALL"
"980",0.66,0.651162790697674,"lesionALL"
"981",0.66,0.656976744186046,"lesionALL"
"982",0.656,0.656976744186046,"lesionALL"
"983",0.656,0.662790697674419,"lesionALL"
"984",0.656,0.668604651162791,"lesionALL"
"985",0.656,0.674418604651163,"lesionALL"
"986",0.656,0.680232558139535,"lesionALL"
"987",0.656,0.686046511627907,"lesionALL"
"988",0.656,0.691860465116279,"lesionALL"
"989",0.652,0.691860465116279,"lesionALL"
"990",0.652,0.697674418604651,"lesionALL"
"991",0.648,0.697674418604651,"lesionALL"
"992",0.644,0.697674418604651,"lesionALL"
"993",0.64,0.697674418604651,"lesionALL"
"994",0.64,0.703488372093023,"lesionALL"
"995",0.636,0.703488372093023,"lesionALL"
"996",0.636,0.709302325581395,"lesionALL"
"997",0.632,0.709302325581395,"lesionALL"
"998",0.624,0.709302325581395,"lesionALL"
"999",0.624,0.715116279069767,"lesionALL"
"1000",0.624,0.720930232558139,"lesionALL"
"1001",0.624,0.726744186046512,"lesionALL"
"1002",0.62,0.726744186046512,"lesionALL"
"1003",0.608,0.732558139534884,"lesionALL"
"1004",0.604,0.732558139534884,"lesionALL"
"1005",0.604,0.744186046511628,"lesionALL"
"1006",0.604,0.75,"lesionALL"
"1007",0.6,0.755813953488372,"lesionALL"
"1008",0.6,0.761627906976744,"lesionALL"
"1009",0.596,0.761627906976744,"lesionALL"
"1010",0.592,0.761627906976744,"lesionALL"
"1011",0.592,0.767441860465116,"lesionALL"
"1012",0.588,0.767441860465116,"lesionALL"
"1013",0.584,0.767441860465116,"lesionALL"
"1014",0.584,0.773255813953488,"lesionALL"
"1015",0.58,0.773255813953488,"lesionALL"
"1016",0.576,0.773255813953488,"lesionALL"
"1017",0.576,0.779069767441861,"lesionALL"
"1018",0.572,0.779069767441861,"lesionALL"
"1019",0.568,0.779069767441861,"lesionALL"
"1020",0.564,0.779069767441861,"lesionALL"
"1021",0.564,0.784883720930233,"lesionALL"
"1022",0.564,0.790697674418605,"lesionALL"
"1023",0.56,0.790697674418605,"lesionALL"
"1024",0.56,0.796511627906977,"lesionALL"
"1025",0.56,0.802325581395349,"lesionALL"
"1026",0.556,0.802325581395349,"lesionALL"
"1027",0.552,0.802325581395349,"lesionALL"
"1028",0.548,0.802325581395349,"lesionALL"
"1029",0.544,0.802325581395349,"lesionALL"
"1030",0.536,0.802325581395349,"lesionALL"
"1031",0.532,0.802325581395349,"lesionALL"
"1032",0.528,0.802325581395349,"lesionALL"
"1033",0.528,0.808139534883721,"lesionALL"
"1034",0.524,0.808139534883721,"lesionALL"
"1035",0.52,0.808139534883721,"lesionALL"
"1036",0.516,0.808139534883721,"lesionALL"
"1037",0.516,0.813953488372093,"lesionALL"
"1038",0.512,0.819767441860465,"lesionALL"
"1039",0.512,0.831395348837209,"lesionALL"
"1040",0.512,0.837209302325581,"lesionALL"
"1041",0.508,0.837209302325581,"lesionALL"
"1042",0.508,0.843023255813954,"lesionALL"
"1043",0.508,0.848837209302326,"lesionALL"
"1044",0.504,0.848837209302326,"lesionALL"
"1045",0.504,0.854651162790698,"lesionALL"
"1046",0.504,0.86046511627907,"lesionALL"
"1047",0.5,0.86046511627907,"lesionALL"
"1048",0.496,0.86046511627907,"lesionALL"
"1049",0.492,0.86046511627907,"lesionALL"
"1050",0.488,0.86046511627907,"lesionALL"
"1051",0.484,0.86046511627907,"lesionALL"
"1052",0.48,0.86046511627907,"lesionALL"
"1053",0.476,0.86046511627907,"lesionALL"
"1054",0.476,0.866279069767442,"lesionALL"
"1055",0.472,0.866279069767442,"lesionALL"
"1056",0.468,0.866279069767442,"lesionALL"
"1057",0.464,0.866279069767442,"lesionALL"
"1058",0.46,0.866279069767442,"lesionALL"
"1059",0.456,0.866279069767442,"lesionALL"
"1060",0.456,0.872093023255814,"lesionALL"
"1061",0.452,0.872093023255814,"lesionALL"
"1062",0.448,0.872093023255814,"lesionALL"
"1063",0.444,0.872093023255814,"lesionALL"
"1064",0.44,0.872093023255814,"lesionALL"
"1065",0.44,0.877906976744186,"lesionALL"
"1066",0.436,0.877906976744186,"lesionALL"
"1067",0.432,0.877906976744186,"lesionALL"
"1068",0.428,0.877906976744186,"lesionALL"
"1069",0.424,0.877906976744186,"lesionALL"
"1070",0.42,0.877906976744186,"lesionALL"
"1071",0.42,0.88953488372093,"lesionALL"
"1072",0.416,0.88953488372093,"lesionALL"
"1073",0.412,0.88953488372093,"lesionALL"
"1074",0.412,0.895348837209302,"lesionALL"
"1075",0.408,0.895348837209302,"lesionALL"
"1076",0.404,0.895348837209302,"lesionALL"
"1077",0.404,0.901162790697674,"lesionALL"
"1078",0.4,0.901162790697674,"lesionALL"
"1079",0.4,0.912790697674419,"lesionALL"
"1080",0.4,0.918604651162791,"lesionALL"
"1081",0.396,0.918604651162791,"lesionALL"
"1082",0.396,0.924418604651163,"lesionALL"
"1083",0.396,0.930232558139535,"lesionALL"
"1084",0.392,0.930232558139535,"lesionALL"
"1085",0.388,0.930232558139535,"lesionALL"
"1086",0.388,0.936046511627907,"lesionALL"
"1087",0.38,0.941860465116279,"lesionALL"
"1088",0.38,0.947674418604651,"lesionALL"
"1089",0.376,0.947674418604651,"lesionALL"
"1090",0.372,0.953488372093023,"lesionALL"
"1091",0.368,0.953488372093023,"lesionALL"
"1092",0.364,0.953488372093023,"lesionALL"
"1093",0.36,0.953488372093023,"lesionALL"
"1094",0.356,0.953488372093023,"lesionALL"
"1095",0.352,0.953488372093023,"lesionALL"
"1096",0.348,0.953488372093023,"lesionALL"
"1097",0.344,0.953488372093023,"lesionALL"
"1098",0.34,0.953488372093023,"lesionALL"
"1099",0.336,0.953488372093023,"lesionALL"
"1100",0.328,0.953488372093023,"lesionALL"
"1101",0.32,0.953488372093023,"lesionALL"
"1102",0.312,0.959302325581395,"lesionALL"
"1103",0.304,0.959302325581395,"lesionALL"
"1104",0.3,0.959302325581395,"lesionALL"
"1105",0.296,0.959302325581395,"lesionALL"
"1106",0.292,0.959302325581395,"lesionALL"
"1107",0.288,0.959302325581395,"lesionALL"
"1108",0.284,0.959302325581395,"lesionALL"
"1109",0.284,0.965116279069767,"lesionALL"
"1110",0.28,0.965116279069767,"lesionALL"
"1111",0.276,0.965116279069767,"lesionALL"
"1112",0.272,0.965116279069767,"lesionALL"
"1113",0.268,0.965116279069767,"lesionALL"
"1114",0.268,0.970930232558139,"lesionALL"
"1115",0.264,0.970930232558139,"lesionALL"
"1116",0.26,0.970930232558139,"lesionALL"
"1117",0.252,0.970930232558139,"lesionALL"
"1118",0.248,0.970930232558139,"lesionALL"
"1119",0.244,0.970930232558139,"lesionALL"
"1120",0.24,0.970930232558139,"lesionALL"
"1121",0.236,0.970930232558139,"lesionALL"
"1122",0.232,0.970930232558139,"lesionALL"
"1123",0.228,0.970930232558139,"lesionALL"
"1124",0.228,0.976744186046512,"lesionALL"
"1125",0.228,0.982558139534884,"lesionALL"
"1126",0.224,0.982558139534884,"lesionALL"
"1127",0.216,0.982558139534884,"lesionALL"
"1128",0.212,0.982558139534884,"lesionALL"
"1129",0.208,0.982558139534884,"lesionALL"
"1130",0.204,0.982558139534884,"lesionALL"
"1131",0.2,0.982558139534884,"lesionALL"
"1132",0.196,0.982558139534884,"lesionALL"
"1133",0.192,0.982558139534884,"lesionALL"
"1134",0.184,0.982558139534884,"lesionALL"
"1135",0.18,0.982558139534884,"lesionALL"
"1136",0.176,0.982558139534884,"lesionALL"
"1137",0.172,0.982558139534884,"lesionALL"
"1138",0.168,0.982558139534884,"lesionALL"
"1139",0.164,0.982558139534884,"lesionALL"
"1140",0.16,0.982558139534884,"lesionALL"
"1141",0.156,0.982558139534884,"lesionALL"
"1142",0.152,0.982558139534884,"lesionALL"
"1143",0.148,0.982558139534884,"lesionALL"
"1144",0.144,0.982558139534884,"lesionALL"
"1145",0.14,0.982558139534884,"lesionALL"
"1146",0.136,0.982558139534884,"lesionALL"
"1147",0.132,0.982558139534884,"lesionALL"
"1148",0.128,0.982558139534884,"lesionALL"
"1149",0.124,0.982558139534884,"lesionALL"
"1150",0.12,0.982558139534884,"lesionALL"
"1151",0.116,0.982558139534884,"lesionALL"
"1152",0.116,0.988372093023256,"lesionALL"
"1153",0.112,0.988372093023256,"lesionALL"
"1154",0.112,0.994186046511628,"lesionALL"
"1155",0.108,0.994186046511628,"lesionALL"
"1156",0.104,0.994186046511628,"lesionALL"
"1157",0.1,0.994186046511628,"lesionALL"
"1158",0.096,0.994186046511628,"lesionALL"
"1159",0.092,0.994186046511628,"lesionALL"
"1160",0.088,0.994186046511628,"lesionALL"
"1161",0.084,0.994186046511628,"lesionALL"
"1162",0.08,0.994186046511628,"lesionALL"
"1163",0.076,0.994186046511628,"lesionALL"
"1164",0.072,0.994186046511628,"lesionALL"
"1165",0.072,1,"lesionALL"
"1166",0.068,1,"lesionALL"
"1167",0.064,1,"lesionALL"
"1168",0.06,1,"lesionALL"
"1169",0.056,1,"lesionALL"
"1170",0.052,1,"lesionALL"
"1171",0.048,1,"lesionALL"
"1172",0.044,1,"lesionALL"
"1173",0.04,1,"lesionALL"
"1174",0.036,1,"lesionALL"
"1175",0.032,1,"lesionALL"
"1176",0.028,1,"lesionALL"
"1177",0.024,1,"lesionALL"
"1178",0.02,1,"lesionALL"
"1179",0.016,1,"lesionALL"
"1180",0.012,1,"lesionALL"
"1181",0.008,1,"lesionALL"
"1182",0.004,1,"lesionALL"
"1183",0,1,"lesionALL"
"1184",1,0,"lesionSELECT"
"1185",0.996,0,"lesionSELECT"
"1186",0.996,0.00581395348837209,"lesionSELECT"
"1187",0.996,0.0116279069767442,"lesionSELECT"
"1188",0.996,0.0174418604651163,"lesionSELECT"
"1189",0.996,0.0232558139534884,"lesionSELECT"
"1190",0.996,0.0290697674418605,"lesionSELECT"
"1191",0.996,0.0348837209302326,"lesionSELECT"
"1192",0.996,0.0406976744186047,"lesionSELECT"
"1193",0.996,0.0465116279069767,"lesionSELECT"
"1194",0.996,0.0523255813953488,"lesionSELECT"
"1195",0.996,0.0581395348837209,"lesionSELECT"
"1196",0.996,0.063953488372093,"lesionSELECT"
"1197",0.996,0.0697674418604651,"lesionSELECT"
"1198",0.992,0.0697674418604651,"lesionSELECT"
"1199",0.992,0.0755813953488372,"lesionSELECT"
"1200",0.992,0.0813953488372093,"lesionSELECT"
"1201",0.992,0.0872093023255814,"lesionSELECT"
"1202",0.992,0.0930232558139535,"lesionSELECT"
"1203",0.992,0.0988372093023256,"lesionSELECT"
"1204",0.988,0.0988372093023256,"lesionSELECT"
"1205",0.988,0.104651162790698,"lesionSELECT"
"1206",0.984,0.104651162790698,"lesionSELECT"
"1207",0.98,0.104651162790698,"lesionSELECT"
"1208",0.98,0.11046511627907,"lesionSELECT"
"1209",0.98,0.116279069767442,"lesionSELECT"
"1210",0.976,0.122093023255814,"lesionSELECT"
"1211",0.972,0.122093023255814,"lesionSELECT"
"1212",0.972,0.133720930232558,"lesionSELECT"
"1213",0.972,0.13953488372093,"lesionSELECT"
"1214",0.972,0.145348837209302,"lesionSELECT"
"1215",0.972,0.151162790697674,"lesionSELECT"
"1216",0.972,0.156976744186047,"lesionSELECT"
"1217",0.972,0.162790697674419,"lesionSELECT"
"1218",0.972,0.168604651162791,"lesionSELECT"
"1219",0.972,0.174418604651163,"lesionSELECT"
"1220",0.972,0.180232558139535,"lesionSELECT"
"1221",0.972,0.186046511627907,"lesionSELECT"
"1222",0.972,0.191860465116279,"lesionSELECT"
"1223",0.968,0.191860465116279,"lesionSELECT"
"1224",0.968,0.197674418604651,"lesionSELECT"
"1225",0.964,0.203488372093023,"lesionSELECT"
"1226",0.96,0.203488372093023,"lesionSELECT"
"1227",0.96,0.209302325581395,"lesionSELECT"
"1228",0.96,0.215116279069767,"lesionSELECT"
"1229",0.96,0.22093023255814,"lesionSELECT"
"1230",0.96,0.226744186046512,"lesionSELECT"
"1231",0.956,0.226744186046512,"lesionSELECT"
"1232",0.956,0.232558139534884,"lesionSELECT"
"1233",0.956,0.238372093023256,"lesionSELECT"
"1234",0.952,0.238372093023256,"lesionSELECT"
"1235",0.948,0.238372093023256,"lesionSELECT"
"1236",0.948,0.244186046511628,"lesionSELECT"
"1237",0.944,0.244186046511628,"lesionSELECT"
"1238",0.944,0.25,"lesionSELECT"
"1239",0.944,0.255813953488372,"lesionSELECT"
"1240",0.94,0.255813953488372,"lesionSELECT"
"1241",0.94,0.261627906976744,"lesionSELECT"
"1242",0.94,0.267441860465116,"lesionSELECT"
"1243",0.94,0.273255813953488,"lesionSELECT"
"1244",0.94,0.27906976744186,"lesionSELECT"
"1245",0.94,0.284883720930233,"lesionSELECT"
"1246",0.94,0.290697674418605,"lesionSELECT"
"1247",0.936,0.290697674418605,"lesionSELECT"
"1248",0.936,0.296511627906977,"lesionSELECT"
"1249",0.932,0.296511627906977,"lesionSELECT"
"1250",0.932,0.302325581395349,"lesionSELECT"
"1251",0.932,0.308139534883721,"lesionSELECT"
"1252",0.928,0.308139534883721,"lesionSELECT"
"1253",0.928,0.313953488372093,"lesionSELECT"
"1254",0.928,0.319767441860465,"lesionSELECT"
"1255",0.928,0.325581395348837,"lesionSELECT"
"1256",0.928,0.331395348837209,"lesionSELECT"
"1257",0.924,0.331395348837209,"lesionSELECT"
"1258",0.924,0.337209302325581,"lesionSELECT"
"1259",0.92,0.337209302325581,"lesionSELECT"
"1260",0.92,0.343023255813953,"lesionSELECT"
"1261",0.92,0.348837209302326,"lesionSELECT"
"1262",0.916,0.348837209302326,"lesionSELECT"
"1263",0.916,0.354651162790698,"lesionSELECT"
"1264",0.916,0.36046511627907,"lesionSELECT"
"1265",0.912,0.36046511627907,"lesionSELECT"
"1266",0.908,0.36046511627907,"lesionSELECT"
"1267",0.908,0.366279069767442,"lesionSELECT"
"1268",0.908,0.372093023255814,"lesionSELECT"
"1269",0.908,0.377906976744186,"lesionSELECT"
"1270",0.904,0.377906976744186,"lesionSELECT"
"1271",0.9,0.377906976744186,"lesionSELECT"
"1272",0.9,0.383720930232558,"lesionSELECT"
"1273",0.896,0.383720930232558,"lesionSELECT"
"1274",0.892,0.383720930232558,"lesionSELECT"
"1275",0.888,0.383720930232558,"lesionSELECT"
"1276",0.888,0.38953488372093,"lesionSELECT"
"1277",0.888,0.395348837209302,"lesionSELECT"
"1278",0.888,0.401162790697674,"lesionSELECT"
"1279",0.884,0.401162790697674,"lesionSELECT"
"1280",0.88,0.401162790697674,"lesionSELECT"
"1281",0.88,0.406976744186047,"lesionSELECT"
"1282",0.876,0.406976744186047,"lesionSELECT"
"1283",0.872,0.406976744186047,"lesionSELECT"
"1284",0.868,0.406976744186047,"lesionSELECT"
"1285",0.864,0.412790697674419,"lesionSELECT"
"1286",0.864,0.418604651162791,"lesionSELECT"
"1287",0.86,0.418604651162791,"lesionSELECT"
"1288",0.86,0.424418604651163,"lesionSELECT"
"1289",0.856,0.424418604651163,"lesionSELECT"
"1290",0.852,0.424418604651163,"lesionSELECT"
"1291",0.848,0.424418604651163,"lesionSELECT"
"1292",0.844,0.424418604651163,"lesionSELECT"
"1293",0.844,0.430232558139535,"lesionSELECT"
"1294",0.844,0.436046511627907,"lesionSELECT"
"1295",0.84,0.436046511627907,"lesionSELECT"
"1296",0.84,0.447674418604651,"lesionSELECT"
"1297",0.836,0.447674418604651,"lesionSELECT"
"1298",0.832,0.447674418604651,"lesionSELECT"
"1299",0.832,0.453488372093023,"lesionSELECT"
"1300",0.828,0.453488372093023,"lesionSELECT"
"1301",0.828,0.459302325581395,"lesionSELECT"
"1302",0.828,0.465116279069767,"lesionSELECT"
"1303",0.828,0.47093023255814,"lesionSELECT"
"1304",0.828,0.476744186046512,"lesionSELECT"
"1305",0.824,0.476744186046512,"lesionSELECT"
"1306",0.82,0.476744186046512,"lesionSELECT"
"1307",0.82,0.482558139534884,"lesionSELECT"
"1308",0.816,0.482558139534884,"lesionSELECT"
"1309",0.812,0.482558139534884,"lesionSELECT"
"1310",0.808,0.482558139534884,"lesionSELECT"
"1311",0.808,0.488372093023256,"lesionSELECT"
"1312",0.808,0.494186046511628,"lesionSELECT"
"1313",0.804,0.494186046511628,"lesionSELECT"
"1314",0.804,0.505813953488372,"lesionSELECT"
"1315",0.8,0.505813953488372,"lesionSELECT"
"1316",0.796,0.505813953488372,"lesionSELECT"
"1317",0.792,0.505813953488372,"lesionSELECT"
"1318",0.788,0.505813953488372,"lesionSELECT"
"1319",0.784,0.505813953488372,"lesionSELECT"
"1320",0.784,0.511627906976744,"lesionSELECT"
"1321",0.784,0.517441860465116,"lesionSELECT"
"1322",0.776,0.517441860465116,"lesionSELECT"
"1323",0.776,0.523255813953488,"lesionSELECT"
"1324",0.776,0.529069767441861,"lesionSELECT"
"1325",0.776,0.534883720930233,"lesionSELECT"
"1326",0.772,0.534883720930233,"lesionSELECT"
"1327",0.768,0.540697674418605,"lesionSELECT"
"1328",0.764,0.540697674418605,"lesionSELECT"
"1329",0.76,0.540697674418605,"lesionSELECT"
"1330",0.752,0.540697674418605,"lesionSELECT"
"1331",0.752,0.546511627906977,"lesionSELECT"
"1332",0.752,0.552325581395349,"lesionSELECT"
"1333",0.752,0.558139534883721,"lesionSELECT"
"1334",0.744,0.563953488372093,"lesionSELECT"
"1335",0.744,0.569767441860465,"lesionSELECT"
"1336",0.74,0.575581395348837,"lesionSELECT"
"1337",0.74,0.581395348837209,"lesionSELECT"
"1338",0.74,0.587209302325581,"lesionSELECT"
"1339",0.736,0.587209302325581,"lesionSELECT"
"1340",0.736,0.593023255813954,"lesionSELECT"
"1341",0.732,0.593023255813954,"lesionSELECT"
"1342",0.728,0.593023255813954,"lesionSELECT"
"1343",0.724,0.593023255813954,"lesionSELECT"
"1344",0.724,0.598837209302326,"lesionSELECT"
"1345",0.72,0.598837209302326,"lesionSELECT"
"1346",0.716,0.604651162790698,"lesionSELECT"
"1347",0.712,0.61046511627907,"lesionSELECT"
"1348",0.712,0.616279069767442,"lesionSELECT"
"1349",0.712,0.622093023255814,"lesionSELECT"
"1350",0.712,0.627906976744186,"lesionSELECT"
"1351",0.712,0.633720930232558,"lesionSELECT"
"1352",0.712,0.63953488372093,"lesionSELECT"
"1353",0.708,0.63953488372093,"lesionSELECT"
"1354",0.708,0.645348837209302,"lesionSELECT"
"1355",0.7,0.645348837209302,"lesionSELECT"
"1356",0.7,0.651162790697674,"lesionSELECT"
"1357",0.7,0.656976744186046,"lesionSELECT"
"1358",0.7,0.662790697674419,"lesionSELECT"
"1359",0.696,0.662790697674419,"lesionSELECT"
"1360",0.692,0.662790697674419,"lesionSELECT"
"1361",0.688,0.662790697674419,"lesionSELECT"
"1362",0.684,0.662790697674419,"lesionSELECT"
"1363",0.68,0.662790697674419,"lesionSELECT"
"1364",0.68,0.668604651162791,"lesionSELECT"
"1365",0.676,0.668604651162791,"lesionSELECT"
"1366",0.672,0.668604651162791,"lesionSELECT"
"1367",0.672,0.674418604651163,"lesionSELECT"
"1368",0.672,0.686046511627907,"lesionSELECT"
"1369",0.672,0.691860465116279,"lesionSELECT"
"1370",0.668,0.697674418604651,"lesionSELECT"
"1371",0.664,0.697674418604651,"lesionSELECT"
"1372",0.66,0.697674418604651,"lesionSELECT"
"1373",0.656,0.697674418604651,"lesionSELECT"
"1374",0.648,0.703488372093023,"lesionSELECT"
"1375",0.648,0.709302325581395,"lesionSELECT"
"1376",0.648,0.715116279069767,"lesionSELECT"
"1377",0.644,0.715116279069767,"lesionSELECT"
"1378",0.64,0.715116279069767,"lesionSELECT"
"1379",0.64,0.720930232558139,"lesionSELECT"
"1380",0.64,0.726744186046512,"lesionSELECT"
"1381",0.636,0.726744186046512,"lesionSELECT"
"1382",0.636,0.732558139534884,"lesionSELECT"
"1383",0.632,0.732558139534884,"lesionSELECT"
"1384",0.632,0.738372093023256,"lesionSELECT"
"1385",0.632,0.744186046511628,"lesionSELECT"
"1386",0.628,0.744186046511628,"lesionSELECT"
"1387",0.628,0.75,"lesionSELECT"
"1388",0.624,0.755813953488372,"lesionSELECT"
"1389",0.62,0.755813953488372,"lesionSELECT"
"1390",0.616,0.755813953488372,"lesionSELECT"
"1391",0.612,0.755813953488372,"lesionSELECT"
"1392",0.608,0.755813953488372,"lesionSELECT"
"1393",0.608,0.761627906976744,"lesionSELECT"
"1394",0.608,0.767441860465116,"lesionSELECT"
"1395",0.604,0.767441860465116,"lesionSELECT"
"1396",0.6,0.767441860465116,"lesionSELECT"
"1397",0.596,0.767441860465116,"lesionSELECT"
"1398",0.596,0.773255813953488,"lesionSELECT"
"1399",0.588,0.773255813953488,"lesionSELECT"
"1400",0.584,0.779069767441861,"lesionSELECT"
"1401",0.584,0.784883720930233,"lesionSELECT"
"1402",0.58,0.784883720930233,"lesionSELECT"
"1403",0.58,0.790697674418605,"lesionSELECT"
"1404",0.576,0.790697674418605,"lesionSELECT"
"1405",0.572,0.790697674418605,"lesionSELECT"
"1406",0.572,0.796511627906977,"lesionSELECT"
"1407",0.568,0.796511627906977,"lesionSELECT"
"1408",0.568,0.802325581395349,"lesionSELECT"
"1409",0.568,0.808139534883721,"lesionSELECT"
"1410",0.568,0.813953488372093,"lesionSELECT"
"1411",0.564,0.813953488372093,"lesionSELECT"
"1412",0.56,0.813953488372093,"lesionSELECT"
"1413",0.556,0.813953488372093,"lesionSELECT"
"1414",0.552,0.813953488372093,"lesionSELECT"
"1415",0.548,0.813953488372093,"lesionSELECT"
"1416",0.544,0.813953488372093,"lesionSELECT"
"1417",0.544,0.819767441860465,"lesionSELECT"
"1418",0.54,0.825581395348837,"lesionSELECT"
"1419",0.54,0.831395348837209,"lesionSELECT"
"1420",0.536,0.831395348837209,"lesionSELECT"
"1421",0.532,0.831395348837209,"lesionSELECT"
"1422",0.532,0.837209302325581,"lesionSELECT"
"1423",0.528,0.837209302325581,"lesionSELECT"
"1424",0.524,0.837209302325581,"lesionSELECT"
"1425",0.52,0.837209302325581,"lesionSELECT"
"1426",0.516,0.837209302325581,"lesionSELECT"
"1427",0.508,0.837209302325581,"lesionSELECT"
"1428",0.508,0.843023255813954,"lesionSELECT"
"1429",0.504,0.843023255813954,"lesionSELECT"
"1430",0.5,0.843023255813954,"lesionSELECT"
"1431",0.496,0.843023255813954,"lesionSELECT"
"1432",0.492,0.843023255813954,"lesionSELECT"
"1433",0.488,0.848837209302326,"lesionSELECT"
"1434",0.484,0.848837209302326,"lesionSELECT"
"1435",0.48,0.848837209302326,"lesionSELECT"
"1436",0.476,0.848837209302326,"lesionSELECT"
"1437",0.476,0.854651162790698,"lesionSELECT"
"1438",0.476,0.86046511627907,"lesionSELECT"
"1439",0.472,0.86046511627907,"lesionSELECT"
"1440",0.472,0.866279069767442,"lesionSELECT"
"1441",0.472,0.872093023255814,"lesionSELECT"
"1442",0.468,0.872093023255814,"lesionSELECT"
"1443",0.464,0.872093023255814,"lesionSELECT"
"1444",0.464,0.877906976744186,"lesionSELECT"
"1445",0.46,0.877906976744186,"lesionSELECT"
"1446",0.46,0.883720930232558,"lesionSELECT"
"1447",0.456,0.883720930232558,"lesionSELECT"
"1448",0.452,0.883720930232558,"lesionSELECT"
"1449",0.448,0.88953488372093,"lesionSELECT"
"1450",0.444,0.88953488372093,"lesionSELECT"
"1451",0.44,0.88953488372093,"lesionSELECT"
"1452",0.436,0.88953488372093,"lesionSELECT"
"1453",0.432,0.88953488372093,"lesionSELECT"
"1454",0.428,0.88953488372093,"lesionSELECT"
"1455",0.424,0.88953488372093,"lesionSELECT"
"1456",0.424,0.895348837209302,"lesionSELECT"
"1457",0.42,0.895348837209302,"lesionSELECT"
"1458",0.416,0.895348837209302,"lesionSELECT"
"1459",0.412,0.895348837209302,"lesionSELECT"
"1460",0.408,0.895348837209302,"lesionSELECT"
"1461",0.408,0.901162790697674,"lesionSELECT"
"1462",0.404,0.901162790697674,"lesionSELECT"
"1463",0.4,0.901162790697674,"lesionSELECT"
"1464",0.4,0.906976744186046,"lesionSELECT"
"1465",0.4,0.912790697674419,"lesionSELECT"
"1466",0.4,0.918604651162791,"lesionSELECT"
"1467",0.396,0.918604651162791,"lesionSELECT"
"1468",0.392,0.918604651162791,"lesionSELECT"
"1469",0.388,0.918604651162791,"lesionSELECT"
"1470",0.384,0.918604651162791,"lesionSELECT"
"1471",0.38,0.918604651162791,"lesionSELECT"
"1472",0.376,0.918604651162791,"lesionSELECT"
"1473",0.376,0.924418604651163,"lesionSELECT"
"1474",0.372,0.924418604651163,"lesionSELECT"
"1475",0.368,0.924418604651163,"lesionSELECT"
"1476",0.364,0.924418604651163,"lesionSELECT"
"1477",0.36,0.930232558139535,"lesionSELECT"
"1478",0.356,0.930232558139535,"lesionSELECT"
"1479",0.352,0.930232558139535,"lesionSELECT"
"1480",0.344,0.930232558139535,"lesionSELECT"
"1481",0.344,0.936046511627907,"lesionSELECT"
"1482",0.34,0.936046511627907,"lesionSELECT"
"1483",0.336,0.936046511627907,"lesionSELECT"
"1484",0.332,0.936046511627907,"lesionSELECT"
"1485",0.328,0.936046511627907,"lesionSELECT"
"1486",0.324,0.936046511627907,"lesionSELECT"
"1487",0.32,0.936046511627907,"lesionSELECT"
"1488",0.32,0.941860465116279,"lesionSELECT"
"1489",0.316,0.941860465116279,"lesionSELECT"
"1490",0.312,0.941860465116279,"lesionSELECT"
"1491",0.308,0.941860465116279,"lesionSELECT"
"1492",0.3,0.941860465116279,"lesionSELECT"
"1493",0.3,0.947674418604651,"lesionSELECT"
"1494",0.296,0.947674418604651,"lesionSELECT"
"1495",0.292,0.947674418604651,"lesionSELECT"
"1496",0.288,0.947674418604651,"lesionSELECT"
"1497",0.284,0.947674418604651,"lesionSELECT"
"1498",0.28,0.947674418604651,"lesionSELECT"
"1499",0.276,0.947674418604651,"lesionSELECT"
"1500",0.272,0.947674418604651,"lesionSELECT"
"1501",0.272,0.953488372093023,"lesionSELECT"
"1502",0.268,0.953488372093023,"lesionSELECT"
"1503",0.264,0.953488372093023,"lesionSELECT"
"1504",0.26,0.953488372093023,"lesionSELECT"
"1505",0.256,0.953488372093023,"lesionSELECT"
"1506",0.256,0.959302325581395,"lesionSELECT"
"1507",0.252,0.959302325581395,"lesionSELECT"
"1508",0.252,0.965116279069767,"lesionSELECT"
"1509",0.248,0.965116279069767,"lesionSELECT"
"1510",0.244,0.965116279069767,"lesionSELECT"
"1511",0.244,0.970930232558139,"lesionSELECT"
"1512",0.24,0.970930232558139,"lesionSELECT"
"1513",0.236,0.970930232558139,"lesionSELECT"
"1514",0.232,0.970930232558139,"lesionSELECT"
"1515",0.232,0.976744186046512,"lesionSELECT"
"1516",0.232,0.982558139534884,"lesionSELECT"
"1517",0.228,0.982558139534884,"lesionSELECT"
"1518",0.224,0.982558139534884,"lesionSELECT"
"1519",0.22,0.982558139534884,"lesionSELECT"
"1520",0.212,0.982558139534884,"lesionSELECT"
"1521",0.208,0.982558139534884,"lesionSELECT"
"1522",0.204,0.982558139534884,"lesionSELECT"
"1523",0.2,0.982558139534884,"lesionSELECT"
"1524",0.196,0.982558139534884,"lesionSELECT"
"1525",0.196,0.988372093023256,"lesionSELECT"
"1526",0.192,0.988372093023256,"lesionSELECT"
"1527",0.188,0.988372093023256,"lesionSELECT"
"1528",0.184,0.988372093023256,"lesionSELECT"
"1529",0.18,0.988372093023256,"lesionSELECT"
"1530",0.176,0.988372093023256,"lesionSELECT"
"1531",0.172,0.988372093023256,"lesionSELECT"
"1532",0.168,0.988372093023256,"lesionSELECT"
"1533",0.164,0.988372093023256,"lesionSELECT"
"1534",0.16,0.988372093023256,"lesionSELECT"
"1535",0.156,0.988372093023256,"lesionSELECT"
"1536",0.152,0.994186046511628,"lesionSELECT"
"1537",0.148,0.994186046511628,"lesionSELECT"
"1538",0.144,0.994186046511628,"lesionSELECT"
"1539",0.14,0.994186046511628,"lesionSELECT"
"1540",0.136,0.994186046511628,"lesionSELECT"
"1541",0.132,0.994186046511628,"lesionSELECT"
"1542",0.128,0.994186046511628,"lesionSELECT"
"1543",0.124,0.994186046511628,"lesionSELECT"
"1544",0.12,0.994186046511628,"lesionSELECT"
"1545",0.116,0.994186046511628,"lesionSELECT"
"1546",0.112,0.994186046511628,"lesionSELECT"
"1547",0.108,0.994186046511628,"lesionSELECT"
"1548",0.104,0.994186046511628,"lesionSELECT"
"1549",0.1,0.994186046511628,"lesionSELECT"
"1550",0.096,0.994186046511628,"lesionSELECT"
"1551",0.092,0.994186046511628,"lesionSELECT"
"1552",0.088,0.994186046511628,"lesionSELECT"
"1553",0.084,0.994186046511628,"lesionSELECT"
"1554",0.08,0.994186046511628,"lesionSELECT"
"1555",0.076,0.994186046511628,"lesionSELECT"
"1556",0.072,0.994186046511628,"lesionSELECT"
"1557",0.068,0.994186046511628,"lesionSELECT"
"1558",0.064,0.994186046511628,"lesionSELECT"
"1559",0.06,0.994186046511628,"lesionSELECT"
"1560",0.056,0.994186046511628,"lesionSELECT"
"1561",0.052,0.994186046511628,"lesionSELECT"
"1562",0.048,0.994186046511628,"lesionSELECT"
"1563",0.048,1,"lesionSELECT"
"1564",0.044,1,"lesionSELECT"
"1565",0.04,1,"lesionSELECT"
"1566",0.036,1,"lesionSELECT"
"1567",0.032,1,"lesionSELECT"
"1568",0.028,1,"lesionSELECT"
"1569",0.024,1,"lesionSELECT"
"1570",0.02,1,"lesionSELECT"
"1571",0.016,1,"lesionSELECT"
"1572",0.012,1,"lesionSELECT"
"1573",0.008,1,"lesionSELECT"
"1574",0.004,1,"lesionSELECT"
"1575",0,1,"lesionSELECT"
