"Variable","median_mda","iqr25","iqr75","tax_ID"
"Otu000012",1.20400397193316,0.38034793768654,1.53366097397972,"Clostridiales"
"Otu000044",0.800819678051729,0.371843279970801,1.12757137476581,"Clostridium XlVa"
"Otu000146",0.637442200381986,0.338322252612412,0.848259137584957,"Roseburia"
"Otu000229",0.608865153466872,0.240742187342677,0.932645112540513,"Odoribacter"
"Otu000006",0.565631644260911,0.324783319088722,0.833392235554821,"Bacteroides"
"Otu000043",0.548604668411505,0.331859370462443,0.818767663771364,"Ruminococcaceae"
"Otu000037",0.529781770969523,0.336358725053096,0.698499080060197,"Streptococcus"
"Otu000605",0.51683046927564,0.262980726900583,0.701906533222437,"Blautia"
"Otu000911",0.495052205674458,0.205643638805617,0.757579542540396,"Lachnospiraceae"
"Otu000013",0.489628109455152,0.313224778476405,0.688790009790932,"Blautia"
"Otu000005",0.465137237520491,0.315468861800052,0.650386128370046,"Bacteroides"
"Otu000058",0.442397890900055,0.289164181044291,0.555012690749579,"Lachnospiraceae"
"Otu000028",0.419191543175077,0.268955596603168,0.577140237213017,"Ruminococcus"
"Otu000059",0.418690241250808,0.281426063855719,0.551045588212732,"Bacteroides"
"Otu000660",0.412828691443194,0.209123520798352,0.623272779615453,"Actinomyces"
"Otu000015",0.403077866120983,0.307117528832589,0.502889543913403,"Lachnospiraceae"
"Otu000014",0.383859613426984,0.295788376893871,0.487793150675047,"Clostridiales"
"Otu000640",0.379485240391339,0.264416692242837,0.50830344848376,"Lachnospiraceae"
"Otu001307",0.377496709754787,0.187470283217555,0.623143328078063,"Coprobacillus"
"Otu000001",0.368562381147903,0.303065850892756,0.463777329468585,"Bacteroides"
"Otu000476",0.36331623538191,0.234841877169209,0.533904182378667,"Lachnospiraceae"
"Otu000016",0.360643797862283,0.281350009122386,0.438746909777418,"Dorea"
"Otu000831",0.359248203163582,0.237927565260011,0.561579053075528,"Firmicutes"
"Otu000340",0.35812248677223,0.237667061559711,0.616543242642758,"Dorea"
"Otu000008",0.357355346726073,0.268178615997124,0.504512261271197,"Bifidobacterium"
"Otu000446",0.346490540373161,0.175190246324049,0.590939685832615,"Ruminococcus"
"Otu000194",0.346253459163309,0.267384097450471,0.466538946918154,"Actinomyces"
"Otu000251",0.346102142406162,0.228470067864858,0.5397844788616,"Ruminococcaceae"
"Otu000041",0.343425597022059,0.278787054616712,0.456054400815881,"Clostridium XI"
"Otu000108",0.336846816680962,0.256534817687416,0.450109188365684,"Roseburia"
"Otu000180",0.334449804537614,0.270726165823151,0.406887429719134,"Clostridiales"
"Otu000007",0.332488340221772,0.269724486736886,0.446209520689866,"Faecalibacterium"
"Otu000047",0.331980226208593,0.271754969069311,0.420239872114725,"Clostridium XVIII"
"Otu000570",0.327899291393278,0.211413707805744,0.490630403049826,"Gemella"
"Otu000018",0.327235255836744,0.268868589273288,0.384486016066105,"Escherichia/Shigella"
"Otu000026",0.326245640210649,0.25869190611717,0.384063470639337,"Collinsella"
"Otu000088",0.325578895971741,0.244529170810821,0.420050481550065,"Ruminococcus"
"Otu000004",0.322116357951671,0.275050033340796,0.397570315827188,"Anaerostipes"
"Otu000027",0.318820793139376,0.250638850267873,0.424688840013443,"Akkermansia"
"Otu001606",0.316955124646826,0.237655969377468,0.404887064205224,"Lachnospiraceae"
"Otu000003",0.31479298305799,0.28028805215612,0.375640020099788,"Blautia"
"Otu000346",0.308075031972951,0.231303529544564,0.39906441707599,"Eggerthella"
"Otu000002",0.306035715632859,0.262082165474995,0.377389923373822,"Anaerostipes"
"Otu000040",0.304172115091954,0.266563146519658,0.361186145368308,"Blautia"
"Otu000009",0.300452510853188,0.263939825188896,0.33367280371799,"Blautia"
"Otu000290",0.298426724865686,0.247030519528024,0.35290104472595,"Clostridium IV"
"Otu000155",0.298332560450234,0.253232731446444,0.41503115923411,"Roseburia"
"Otu000065",0.296021328351923,0.262152031155773,0.365553857555661,"Coprococcus"
"Otu000025",0.294812494634391,0.248500168978176,0.389100837990348,"Lachnospiraceae"
"Otu000177",0.290910446341386,0.255552552557748,0.354367206991673,"Streptococcus"
"Otu000061",0.290422537225366,0.248887322933715,0.336640729449568,"Ruminococcaceae"
"Otu000109",0.276736275664379,0.238967822253484,0.296567758781371,"Roseburia"
"Otu000020",0.276698815948942,0.247924940263577,0.297113053804438,"Faecalibacterium"
"Otu000173",0.273899472901085,0.224723950659205,0.341429197248238,"Coprococcus"
"Otu000048",0.273681740668455,0.232866449427151,0.327198058296646,"Parabacteroides"
"Otu000010",0.272957610039711,0.250299392861773,0.312676491442049,"Roseburia"
"Otu000036",0.272792398293358,0.24490485356042,0.315651781958026,"Lachnospiraceae"
"Otu000085",0.271858355729761,0.247472434790707,0.318366976307856,"Dorea"
"Otu000572",0.26417726945996,0.21855485591455,0.352467502788241,"Streptococcus"
"Otu000092",0.262878682095436,0.227749270941984,0.328362902099695,"Bacteroides"
"Otu000739",0.257417309179287,0.184721026615781,0.377689968718365,"Streptococcus"
"Otu000050",0.252412971887447,0.205225573887406,0.380409528698356,"Ruminococcus"
"Otu000679",0.252204118209266,0.164008815751208,0.375863424599496,"Streptococcus"
"Otu000148",0.251826513766647,0.226947013131767,0.294208031854744,"Ruminococcaceae"
"Otu000101",0.250570322207974,0.218350170056625,0.31970093865984,"Pasteurellaceae"
"Otu000031",0.250185358311444,0.23295491461424,0.289356806247214,"Ruminococcus"
"Otu000030",0.248163709752715,0.224924724005825,0.299780286319882,"Phascolarctobacterium"
"Otu000034",0.245501888889409,0.221643507136043,0.274001977715266,"Ruminococcaceae"
"Otu000096",0.245443448811232,0.217631713689941,0.28515512355425,"Turicibacter"
"Otu000011",0.244943075311226,0.210371011919056,0.291763231902639,"Bacteroides"
"Otu000393",0.243964459562184,0.214322942889327,0.3093113294618,"Flavonifractor"
"Otu000039",0.243558966377887,0.216718500139899,0.271946259850208,"Alistipes"
"Otu000023",0.242324383517258,0.222953637872683,0.27302601579219,"Ruminococcus"
"Otu000084",0.240725854624789,0.219870355363437,0.258510746530947,"Bacteroides"
"Otu000087",0.240206263879666,0.190260022496405,0.3701270204789,"Enterococcus"
"Otu000049",0.239103615331226,0.223513804584791,0.275862584111834,"Alistipes"
"Otu000120",0.236412094620272,0.218536557202297,0.254387108273869,"Ruminococcus"
"Otu000083",0.235037836664137,0.212354185103242,0.268929178591238,"Clostridium XI"
"Otu000432",0.234471039224397,0.211904998978672,0.275070334988691,"Clostridium IV"
"Otu000154",0.233905252723125,0.204265788495171,0.264209232037189,"Lachnospiraceae"
"Otu000105",0.233321625614501,0.203876901594302,0.286278030009889,"Parasutterella"
"Otu000463",0.232943395975014,0.216480094791928,0.256261937935878,"Clostridiales"
"Otu000206",0.231722824743374,0.202550165187803,0.283548431231455,"Lachnospiraceae"
"Otu000042",0.229693296244876,0.20143562356124,0.273617573513123,"Anaerostipes"
"Otu000634",0.228928019385293,0.193307298544586,0.28804454680922,"Lactococcus"
"Otu000064",0.225598576466311,0.205263327375577,0.248505486126101,"Firmicutes"
"Otu000134",0.225548750685017,0.198701377392526,0.261734152371572,"Lachnospiraceae"
"Otu000144",0.225260415345795,0.204087228575675,0.250893712714282,"Blautia"
"Otu000530",0.225035623643945,0.192503242223197,0.30444086207787,"Alistipes"
"Otu000278",0.224980463470193,0.20272581941433,0.251374091103867,"Ruminococcaceae"
"Otu000102",0.224809322528645,0.205385400747405,0.254706578557041,"Bacteroides"
"Otu000019",0.224308578229656,0.203264604786119,0.249956527417306,"Clostridium sensu stricto"
"Otu000746",0.222806382570399,0.194738573061843,0.309379684870544,"Clostridium IV"
"Otu000063",0.221846029875777,0.197273344825862,0.254743833479376,"Veillonella"
"Otu000074",0.2206093717369,0.198653272627008,0.23831674423206,"Blautia"
"Otu000165",0.216899976559223,0.197336902358755,0.234848289631669,"Subdoligranulum"
"Otu001203",0.216100169694638,0.149885879815412,0.368817879727044,"Rothia"
"Otu000438",0.21274815677671,0.193258463543957,0.237742957281978,"Pseudomonas"
"Otu000934",0.212545956165725,0.166181639901104,0.322167026253951,"Clostridium IV"
"Otu000315",0.211938265955087,0.173439213102059,0.275866763547773,"Clostridium XlVb"
"Otu000236",0.209944651577909,0.169757624473016,0.325936255994702,"Actinomyces"
"Otu000205",0.20726818457336,0.184316226223796,0.236746698229264,"Lachnospiraceae"
"Otu000139",0.207124592246347,0.192501509248815,0.226401660822871,"Blautia"
"Otu000240",0.206899513769026,0.176463198087419,0.239543144687428,"Oscillibacter"
"Otu000076",0.204398682214761,0.171972261996355,0.227261226815995,"Alistipes"
"Otu000068",0.203575753589385,0.171400278515714,0.222556615534302,"Lachnospiraceae"
"Otu000021",0.20347074662134,0.180700315701166,0.223983819037068,"Parabacteroides"
"Otu000430",0.202460615052702,0.149995849329908,0.304636603382218,"Streptococcus"
"Otu000342",0.20229762737673,0.165430808285307,0.260558297329707,"Clostridiales"
"Otu000073",0.201650703951517,0.184176166583994,0.22121813001568,"Odoribacter"
"Otu000554",0.201223178119603,0.158980613179574,0.259034321361009,"Bacteria"
"Otu000404",0.19979562807128,0.17971406764062,0.230360443505105,"Ruminococcaceae"
"Otu000199",0.197623793341125,0.173178490678149,0.216014399312233,"Clostridiales"
"Otu000075",0.197622702754436,0.175916513504454,0.223061815703484,"Ruminococcaceae"
"Otu000196",0.197019198236093,0.172338901845883,0.227081035746022,"Clostridium XVIII"
"Otu000166",0.196534759142694,0.182424187048505,0.223808831063111,"Faecalibacterium"
"Otu000070",0.195475783331131,0.169285226120706,0.215118954889885,"Blautia"
"Otu000121",0.195258244434417,0.164791635030522,0.232831714715087,"Blautia"
"Otu000117",0.195176000244857,0.181775784558147,0.22516868550505,"Veillonella"
"Otu000215",0.192755090238147,0.13089356812491,0.309224615475124,"Bacteroides"
"Otu000113",0.192450247200363,0.174323283230558,0.212034610223596,"Akkermansia"
"Otu000138",0.191860703633723,0.174691599837049,0.21293563065554,"Bacteroides"
"Otu000185",0.191202091892074,0.170980902591068,0.209045626884695,"Clostridiales"
"Otu000293",0.191017997385879,0.17311372102653,0.237947635760604,"Subdoligranulum"
"Otu000272",0.189943444959324,0.161134718948241,0.272115501754507,"Enterorhabdus"
"Otu000254",0.189283047039288,0.138913739612052,0.304472302126047,"Prevotella"
"Otu000055",0.189044919429285,0.168454102996814,0.215447131226185,"Bacteroides"
"Otu000116",0.187174456310032,0.16241588863676,0.206738563028406,"Bilophila"
"Otu000122",0.186800639689675,0.154428837958892,0.212178559572713,"Lachnospiraceae"
"Otu000135",0.186448934855861,0.165735605082465,0.205731039336637,"Clostridium XlVa"
"Otu000262",0.186300816635934,0.168633454145072,0.230934240956361,"Rothia"
"Otu000573",0.186021173405875,0.164704826032008,0.203178582292942,"Clostridiales"
"Otu000740",0.184831423906997,0.151742652090307,0.280600631741519,"Alistipes"
"Otu000150",0.184549325730974,0.164788498525343,0.211631999546796,"Clostridium XI"
"Otu000590",0.184276896582906,0.154100254141514,0.221715120377294,"Lachnospiraceae"
"Otu000099",0.183370812780405,0.167383452731909,0.199496043465027,"Clostridium XlVa"
"Otu000119",0.182612804953168,0.165491556677914,0.198085128092756,"Bacteroides"
"Otu000151",0.181863871334267,0.154002914052481,0.202080683056131,"Alistipes"
"Otu000368",0.180713319538774,0.160136223186026,0.19903132641352,"Clostridium XVIII"
"Otu000333",0.180562083312417,0.146165648951617,0.199549351226348,"Clostridium XlVa"
"Otu000178",0.180254757774603,0.16323629185983,0.201065304654615,"Clostridium XlVa"
"Otu000377",0.179686531420576,0.159745531132303,0.205254336070338,"Lachnospiraceae"
"Otu000127",0.178835259050031,0.155174767016385,0.198783668027162,"Clostridium sensu stricto"
"Otu000081",0.178002401266375,0.150751883574984,0.212328165856874,"Faecalibacterium"
"Otu000450",0.177082574177472,0.156601590329525,0.200229367962553,"Lachnospiraceae"
"Otu000147",0.176627230196942,0.15495426553653,0.197953020246488,"Lachnospiraceae"
"Otu000191",0.175793924506948,0.153279223815974,0.193453288834153,"Lachnospiraceae"
"Otu000449",0.17503693493635,0.155483228119022,0.201670450925489,"Ruminococcus"
"Otu000130",0.174024250089413,0.14883833778786,0.20182679466435,"Barnesiella"
"Otu000271",0.173789982916905,0.14816590428763,0.190557770717813,"Asaccharobacter"
"Otu000358",0.170950101098346,0.135683376610727,0.188024874514174,"Lachnospiraceae"
"Otu000275",0.170936987512084,0.142468026607832,0.218475716218207,"Faecalibacterium"
"Otu000167",0.170895186272816,0.150573975409985,0.1898847008392,"Ruminococcus"
"Otu000170",0.169263771670592,0.150296029953919,0.187173893127458,"Clostridiales"
"Otu000032",0.167679590774226,0.140719891641062,0.205445197079032,"Faecalibacterium"
"Otu001087",0.166171499598525,0.137974277705371,0.200959515662122,"Lactobacillales"
"Otu000310",0.165561126411842,0.140391951442347,0.185710496766806,"Ruminococcaceae"
"Otu000700",0.165204828389503,0.139645752396851,0.223167743868786,"Lachnospiraceae"
"Otu000161",0.164250181591588,0.144154198209339,0.177306593330937,"Ruminococcaceae"
"Otu000114",0.163896824991355,0.128742116207796,0.183934538721027,"Clostridium IV"
"Otu000707",0.163154807555959,0.147760660389436,0.179756364431462,"Ruminococcaceae"
"Otu001097",0.163008661753675,0.127135218972969,0.219971870041081,"Acidaminococcaceae"
"Otu000169",0.16298337644584,0.135838317840257,0.202878016006136,"Coprococcus"
"Otu000246",0.161253321512056,0.137180628290611,0.184964972665209,"Oscillibacter"
"Otu000156",0.160975098425694,0.124243761938444,0.179947427284118,"Clostridiales"
"Otu000420",0.160138667607499,0.141293458897156,0.180237072931961,"Streptococcus"
"Otu000378",0.15968362070812,0.137294611008967,0.180251384248755,"Lachnospiraceae"
"Otu000195",0.159682549311566,0.137896406229302,0.215555907794393,"Coprococcus"
"Otu000261",0.157666816651928,0.144976059799521,0.185825720924743,"Coriobacteriaceae"
"Otu000345",0.156972080407038,0.125801107234303,0.177466900687299,"Coriobacteriaceae"
"Otu000241",0.156398341857377,0.12852698670461,0.173509462998622,"Sporobacter"
"Otu000244",0.156253393588103,0.13822120246317,0.17955612322963,"Lachnospiraceae"
"Otu000226",0.155929680513694,0.124771664292702,0.234785613720712,"Bacteroides"
"Otu000355",0.15492752486877,0.136150529255876,0.187300583937929,"Blautia"
"Otu000227",0.154165228332105,0.11959713723616,0.262663536625165,"Faecalibacterium"
"Otu000273",0.15393938825997,0.126718500215155,0.171476343455872,"Ruminococcaceae"
"Otu000349",0.153664134214937,0.129029267135108,0.169787347909049,"Lachnospiraceae"
"Otu000546",0.153512549049762,0.123447752308084,0.177058176504578,"Ruminococcaceae"
"Otu000301",0.153316340448098,0.125708336771368,0.179535970378591,"Porphyromonadaceae"
"Otu000163",0.15323733962554,0.132239152563245,0.169513850384084,"Firmicutes"
"Otu000880",0.153057491272942,0.133505422449602,0.16817321674785,"Bacteria"
"Otu001036",0.152292372846978,0.12276831873867,0.239186509957088,"Lachnospiraceae"
"Otu000300",0.15144773368187,0.115746655556969,0.172349186063716,"Ruminococcaceae"
"Otu000337",0.150893492437882,0.101278103954612,0.269416143449079,"Phascolarctobacterium"
"Otu000128",0.150711209896248,0.130993550020616,0.167418412087939,"Dialister"
"Otu000091",0.150389790925764,0.13207897534828,0.168427918988055,"Akkermansia"
"Otu001823",0.150170736677444,0.120398285419734,0.222297969571044,"Bacteria"
"Otu000045",0.149776299435598,0.129405587087801,0.168805661985976,"Blautia"
"Otu000395",0.149271131839898,0.116430124699496,0.17865629704425,"Butyricimonas"
"Otu000994",0.14907388082245,0.1216993078912,0.197300755434773,"Desulfovibrio"
"Otu000082",0.148936920616919,0.1203593773175,0.181453746545243,"Ruminococcaceae"
"Otu000586",0.147429863014369,0.123840668350234,0.165354709144464,"Clostridium XlVb"
"Otu000072",0.146663660996507,0.122950945591359,0.164406709892765,"Butyricimonas"
"Otu000153",0.146346105019934,0.120729481631999,0.161342536748352,"Clostridiales"
"Otu000765",0.146197333209061,0.115197977798863,0.167998340845737,"Porphyromonadaceae"
"Otu000402",0.14591817639527,0.115205806604311,0.171456380417364,"Firmicutes"
"Otu000897",0.145706924415043,0.123274707992508,0.166719632881186,"Clostridium XlVb"
"Otu000417",0.144271622184132,0.119486572365312,0.180656631443281,"Ruminococcaceae"
"Otu000545",0.143225594239935,0.124471309995693,0.161383430968467,"Bacteria"
"Otu000504",0.142738619044637,0.11589054382367,0.159317537989587,"Ruminococcaceae"
"Otu000348",0.142420900026959,0.123386435314353,0.161987928987257,"Lachnospiraceae"
"Otu000901",0.142180626891352,0.120205797692302,0.158949890097969,"Lachnospiraceae"
"Otu000604",0.141095641337926,0.112746990685614,0.178243748063368,"Lachnospiraceae"
"Otu000385",0.140468181528716,0.112122138153386,0.179096628613874,"Akkermansia"
"Otu000307",0.14029761550416,0.110363317367734,0.154469097691147,"Ruminococcaceae"
"Otu000182",0.139914202046488,0.129698784545608,0.155072900469195,"Paraprevotella"
"Otu000486",0.139616000165179,0.12089458374958,0.170715518354283,"Lachnospiraceae"
"Otu000219",0.139465432422931,0.11239837533941,0.190106412109219,"Lactobacillus"
"Otu000547",0.139216672684467,0.115061856365068,0.19749524886706,"Blautia"
"Otu000017",0.138986504733917,0.109977494181194,0.15645832126905,"Alistipes"
"Otu000187",0.138943104804939,0.117581156031339,0.169971625430248,"Lachnospiraceae"
"Otu000140",0.13852996412671,0.11452978097676,0.162276880837691,"Lachnospiraceae"
"Otu000259",0.137789088436701,0.109559996050549,0.16393471850224,"Bacteria"
"Otu000245",0.137688170007232,0.120606815118647,0.15971878072555,"Butyricicoccus"
"Otu000670",0.136965684512676,0.11281313480758,0.15600677804936,"Lachnospiraceae"
"Otu001959",0.136354017459089,0.0985242503598857,0.205659258041358,"Finegoldia"
"Otu000369",0.135351352674539,0.113552323599614,0.191787845301767,"Ruminococcus"
"Otu000098",0.135048822561726,0.117804801332545,0.15592348175027,"Bifidobacterium"
"Otu000242",0.134754881670279,0.116767976163183,0.159223502728844,"Bacteria"
"Otu000222",0.13470676930487,0.114643092966747,0.162316125014579,"Bacteroides"
"Otu000183",0.134500086892976,0.115563215853476,0.178373660715652,"Streptococcus"
"Otu001128",0.134486921131653,0.0959873363174425,0.152844557371904,"Ruminococcaceae"
"Otu000287",0.134297894620557,0.116113618414061,0.157977053368956,"Blautia"
"Otu000328",0.133694294051056,0.0969457592060919,0.156679151388127,"Alistipes"
"Otu000514",0.133519422505898,0.116229126336936,0.149454879512741,"Lachnospiraceae"
"Otu000209",0.133264181873088,0.109693923626649,0.147408730622033,"Dorea"
"Otu001686",0.133106373892928,0.0972513440272309,0.228795472718327,"Ruminococcaceae"
"Otu000046",0.132412688246325,0.110190150524179,0.147671311059315,"Subdoligranulum"
"Otu000133",0.132230961664915,0.12099603404469,0.14438825505104,"Prevotella"
"Otu000418",0.131446843760031,0.100583839981334,0.15059989722007,"Alistipes"
"Otu000744",0.130930405562319,0.100875733394556,0.154580185042277,"Clostridiales"
"Otu000447",0.130649053908674,0.110077061806496,0.14781601291324,"Lachnospiraceae"
"Otu000308",0.129064690856337,0.112866908558684,0.152745909478855,"Clostridium sensu stricto"
"Otu000276",0.129057503270111,0.10921914170537,0.142872296499493,"Blautia"
"Otu000419",0.12892824414256,0.106443553736708,0.145462616475112,"Bacteroidetes"
"Otu000918",0.128682051099906,0.101587597669065,0.141940078883248,"Lachnospiraceae"
"Otu000171",0.128554785176794,0.102290841900252,0.145839676938311,"Lachnospiraceae"
"Otu000149",0.128135969415774,0.10244809070595,0.148510588479004,"Clostridium XlVa"
"Otu000528",0.127655505704545,0.110821174817722,0.142632417601687,"Ruminococcaceae"
"Otu000869",0.126880751281874,0.10370996777041,0.150831760480976,"Clostridium IV"
"Otu000499",0.126722428321325,0.0970158703062879,0.148036692797869,"Clostridium XlVa"
"Otu000800",0.126338467788394,0.100257486815027,0.162498033108878,"Ruminococcaceae"
"Otu000363",0.126212727843753,0.111569870201643,0.161195145110424,"Parabacteroides"
"Otu000491",0.126086370802432,0.0933440357878219,0.146627464442843,"Firmicutes"
"Otu001471",0.126044472615332,0.104224551611237,0.175882751958946,"Clostridiales"
"Otu000172",0.125329633780311,0.099258119096842,0.177484002039895,"Bacteroides"
"Otu000324",0.125164765773765,0.105131102233128,0.14582970024917,"Coriobacteriaceae"
"Otu000516",0.125022156362364,0.108001292598939,0.145816263204185,"Lachnospiraceae"
"Otu000124",0.124284820744767,0.0970303048307322,0.149657057112529,"Erysipelotrichaceae"
"Otu000330",0.123950751039918,0.103426793467301,0.152176266188059,"Clostridiales"
"Otu000176",0.123908043323477,0.0979662795676411,0.140309932893121,"Clostridium XlVa"
"Otu000038",0.123467428132767,0.106189094316931,0.143454605737269,"Roseburia"
"Otu000849",0.12281882770695,0.104418399263001,0.139503894595699,"Firmicutes"
"Otu001422",0.122240555469111,0.0898308493525807,0.150024458021117,"Clostridia"
"Otu000786",0.122043061649185,0.103365737585127,0.143560848253473,"Gordonibacter"
"Otu000312",0.121654504060338,0.0947822192273425,0.145135790491904,"Clostridium XlVa"
"Otu001958",0.121405385934546,0.0885629517584947,0.190574850964384,"Peptoniphilus"
"Otu000086",0.120781753189904,0.0999775936065514,0.141148661942672,"Clostridiales"
"Otu000721",0.120758560317269,0.101028774430915,0.141393494010635,"Lachnospiraceae"
"Otu000781",0.120659151221582,0.100340841813776,0.138141664804976,"Actinomyces"
"Otu000909",0.120648843354617,0.0994537575418755,0.188166282465769,"Ruminococcaceae"
"Otu000316",0.119679970226182,0.104555551706983,0.141846312895269,"Lachnospiraceae"
"Otu000872",0.119545489079815,0.100594813524893,0.134451724574808,"Clostridiales"
"Otu000118",0.118534682523032,0.0959867130126353,0.141165293800284,"Ruminococcus"
"Otu000221",0.11828360993286,0.096793655272917,0.143915000440822,"Clostridiales"
"Otu000188",0.118054994852214,0.106356800725415,0.135206867907776,"Acidaminococcus"
"Otu000289",0.117694822604444,0.0957801138660095,0.146203327735613,"Bacteria"
"Otu000296",0.117428981880104,0.0949533845491238,0.128897871213655,"Lachnospiraceae"
"Otu000320",0.11726278340818,0.0933045123299795,0.136772737092965,"Lachnospiraceae"
"Otu000731",0.115586907765659,0.0922598148904596,0.131860244863409,"Ruminococcaceae"
"Otu000029",0.115548424660632,0.100457533810761,0.134445586935009,"Blautia"
"Otu001309",0.115399686527276,0.0990640838220141,0.162714206609258,"Firmicutes"
"Otu000981",0.115363375920425,0.100008499281468,0.131046210439304,"Lachnospiraceae"
"Otu000212",0.114729080179509,0.097706049897884,0.141307804960025,"Paraprevotella"
"Otu000125",0.11328662733415,0.087827528449307,0.129354756343984,"Alistipes"
"Otu000692",0.112911356614146,0.0846614782241584,0.140768908282271,"Lachnospiraceae"
"Otu000270",0.112860225188005,0.0972616615055497,0.13482554086411,"Holdemania"
"Otu001478",0.112830981188935,0.0954542238716385,0.127682966372949,"Lachnospiraceae"
"Otu000297",0.11277952363884,0.0923298168509348,0.144209362743711,"Lachnospiraceae"
"Otu000569",0.112526698768233,0.0977095274929572,0.122984106525201,"Erysipelotrichaceae"
"Otu000238",0.112218878067069,0.0827669332958366,0.151428973028031,"Ruminococcaceae"
"Otu000157",0.111002622472493,0.0815716551825577,0.12729037537639,"Bacteroides"
"Otu000158",0.110042144718988,0.0925133415329585,0.126873648219989,"Ruminococcaceae"
"Otu000326",0.110019750314518,0.0889459257359068,0.139269328554744,"Porphyromonadaceae"
"Otu000875",0.109982434476482,0.0920469620416853,0.136735317441796,"Clostridiales"
"Otu000621",0.109865520583497,0.0909749084830493,0.127002450490266,"Clostridiales"
"Otu000484",0.109681836230664,0.0952208991976402,0.129236451537158,"Lachnospiraceae"
"Otu000214",0.109670750860294,0.0875690575865211,0.127638549008758,"Lachnospiraceae"
"Otu000406",0.109649969184922,0.0878299364299515,0.131716873243982,"Ruminococcaceae"
"Otu000523",0.109191500042951,0.0811359442876524,0.126465942954357,"Clostridium XlVa"
"Otu000283",0.107878583043725,0.0826566337314488,0.128132500763511,"Ruminococcaceae"
"Otu000347",0.107676156551767,0.082659193545729,0.127680998975432,"Butyricicoccus"
"Otu000268",0.106675103511394,0.0884097924122866,0.138508388183711,"Bacteroides"
"Otu000168",0.105743434741825,0.0826026799823131,0.122155956554469,"Enterobacteriaceae"
"Otu000202",0.105580585684383,0.0868571761987906,0.149322060527349,"Porphyromonas"
"Otu000089",0.105446757506728,0.0908945445346458,0.117121302424792,"Clostridiales"
"Otu000294",0.104811514982328,0.0902123687635958,0.1205659830429,"Clostridiales"
"Otu000489",0.104082282637448,0.0814828377190975,0.11425895147539,"Coprococcus"
"Otu000702",0.103946332070446,0.0840597375742398,0.118453966570864,"Lachnospiraceae"
"Otu000485",0.103256083650169,0.0654864005569671,0.122915436598139,"Clostridium XlVa"
"Otu000615",0.102946595236135,0.0825661244888893,0.120659221837706,"Ruminococcaceae"
"Otu000925",0.102910888659816,0.0749317139392618,0.119971668954167,"Clostridium XlVa"
"Otu000614",0.102070879760875,0.0798768504999279,0.121289032366789,"Ruminococcaceae"
"Otu000710",0.101590434283248,0.0772138233100275,0.122696944508162,"Ruminococcaceae"
"Otu000193",0.101565384673799,0.0815313574163488,0.122696817624441,"Barnesiella"
"Otu000325",0.100722434573027,0.0824307445678643,0.144304784507114,"Bifidobacterium"
"Otu000750",0.100602603098409,0.0843962901668835,0.113692611075581,"Lachnospiraceae"
"Otu000200",0.100597182121647,0.0829474248885342,0.115553788911,"Faecalibacterium"
"Otu000650",0.100257854877047,0.0806946465284839,0.118923529646185,"Clostridiales"
"Otu000720",0.100118858695521,0.0723289278002928,0.12273742382452,"Lachnospiraceae"
"Otu000908",0.0992869720083829,0.0780508693321159,0.120824419499829,"Clostridium IV"
"Otu000649",0.0989365789484199,0.0808627498588078,0.114800557692277,"Acidaminococcaceae"
"Otu000589",0.0986609510513302,0.0664954479827153,0.11896667803574,"Bacteroides"
"Otu000537",0.0979102366551852,0.0766552722175719,0.11140464405009,"Clostridiales"
"Otu000361",0.0977697686763487,0.07648584213369,0.116239857563562,"Ruminococcus"
"Otu000877",0.0976995569799086,0.0804275050666067,0.114423478631808,"Erysipelotrichaceae"
"Otu000835",0.0974268203885026,0.0780662893602041,0.135817112284097,"Ruminococcaceae"
"Otu000286",0.097225663378921,0.0789147448240358,0.110932031353869,"Peptostreptococcaceae"
"Otu000431",0.0970737241364729,0.0799332226761867,0.123425649323811,"Ruminococcaceae"
"Otu000512",0.0966363261564433,0.0793105260036424,0.10985244657702,"Clostridiales"
"Otu000267",0.0965365827372389,0.0756924366387675,0.114239806428408,"Barnesiella"
"Otu000948",0.0964771166846048,0.0689937800409196,0.116072451014656,"Akkermansia"
"Otu001022",0.0963035566213201,0.079078802002279,0.118909916557564,"Ruminococcaceae"
"Otu000269",0.0962562628909549,0.0795691300199361,0.12312253978239,"Bacteroides"
"Otu001201",0.0958552341731181,0.0750586845434639,0.129095933229603,"Clostridiales"
"Otu002089",0.0949150957770091,0.0787238605155383,0.11005595336673,"Firmicutes"
"Otu000943",0.0949076090715716,0.072853562293891,0.1067530282793,"Anaerostipes"
"Otu000493",0.0948619890072704,0.0740729363040564,0.156285913006918,"Bacteroides"
"Otu000440",0.0944520630560088,0.0685625758495381,0.147267423650293,"Blautia"
"Otu000712",0.0944024095455019,0.075705617354255,0.11824581931321,"Mogibacterium"
"Otu000441",0.0931657866109392,0.0730974450858112,0.116811411940561,"Ruminococcus"
"Otu000145",0.0931048126139251,0.0733057463750576,0.131717812039739,"Bacteroides"
"Otu000309",0.0929906275521896,0.0657182934833442,0.118917118145134,"Porphyromonadaceae"
"Otu000304",0.0926426225947917,0.0728086816728673,0.111199435160026,"Lactobacillus"
"Otu000184",0.0923104002411796,0.0707057174157272,0.117494139249485,"Ruminococcaceae"
"Otu001012",0.0918058657344797,0.0748737194089041,0.116734128448,"Oscillibacter"
"Otu001807",0.0906826423749059,0.0717905266324802,0.10386085151242,"Clostridiales"
"Otu001469",0.0903548561971685,0.0636459601402674,0.122045502519226,"Oscillibacter"
"Otu000840",0.0900236386129375,0.0708025297247686,0.118463196242036,"Ruminococcaceae"
"Otu000197",0.0895121204734701,0.073444218472994,0.102157865270757,"Faecalibacterium"
"Otu000343",0.0894828945314925,0.0753795257657293,0.111634370342395,"Alistipes"
"Otu000231",0.0894476104278911,0.0675168557729095,0.102992025551964,"Clostridiales"
"Otu000768",0.088894887604989,0.0707607710490105,0.0983950043246348,"Ruminococcaceae"
"Otu000594",0.08889167190656,0.0673252053041629,0.105646571957876,"Bacteroides"
"Otu000960",0.0886702113716925,0.0677799649468933,0.147201558834917,"Pasteurellaceae"
"Otu000732",0.0885150934831486,0.0704648654482683,0.103820153262157,"Ruminococcaceae"
"Otu000515",0.0879960570327097,0.0725476526466979,0.105898952683211,"Ruminococcaceae"
"Otu000062",0.0875304480847983,0.0688173705996753,0.0997117633990997,"Roseburia"
"Otu000274",0.087031822413246,0.0656602584733977,0.107617167624037,"Ruminococcaceae"
"Otu001909",0.086820381301824,0.0706985727906283,0.104905815028659,"Roseburia"
"Otu000427",0.0867337741655275,0.064701588746393,0.107442100811022,"Clostridiales"
"Otu000645",0.0866269642975176,0.0672969479898607,0.103541829195882,"Streptococcus"
"Otu001162",0.0864304277430516,0.0636883521846171,0.105562148076122,"Lachnospiraceae"
"Otu000505",0.0859138429034648,0.0727581980628904,0.109181189116024,"Ruminococcaceae"
"Otu000980",0.0855169977089849,0.0716371455348231,0.097847095792605,"Lachnospiraceae"
"Otu000329",0.0855014117740812,0.0701383946044801,0.108508854746479,"Parabacteroides"
"Otu002082",0.0854569035049679,0.0666488552891087,0.104466269193944,"Alistipes"
"Otu000704",0.0853729022524884,0.0654598024873504,0.124335095024553,"Ruminococcaceae"
"Otu000375",0.0853691380260414,0.0641708694245406,0.101802868903269,"Streptococcus"
"Otu000633",0.0851997654892004,0.0664131140615182,0.104182254753094,"Clostridiales"
"Otu001312",0.0843193254559738,0.0577626332095665,0.11560627960485,"Ruminococcaceae"
"Otu000610",0.0841990073175913,0.0675525033832228,0.127146006176202,"Bacteroides"
"Otu000204",0.083938737301012,0.0635827426441595,0.100063020098018,"Bifidobacterium"
"Otu001607",0.0819786453382927,0.0607025154930643,0.0983535301674048,"Lachnospiraceae"
"Otu000436",0.0819321671112056,0.0671526150734303,0.0938253612374972,"Lachnospiraceae"
"Otu000839",0.0816788147158024,0.0606409904381273,0.109359641360102,"Ruminococcaceae"
"Otu001016",0.0813687748409085,0.0668569826298772,0.0986722100639292,"Anaerofustis"
"Otu001008",0.0812368700111481,0.0587548526192238,0.10326410123518,"Bacteroides"
"Otu000653",0.0810041852628598,0.0614554878479613,0.0982788446073016,"Faecalibacterium"
"Otu000770",0.0806431098181933,0.0683600982874491,0.0978035322219934,"Oscillibacter"
"Otu000079",0.0803710599570296,0.0633612214769036,0.10286648412125,"Ruminococcus"
"Otu000141",0.0799503190265503,0.0614692145553957,0.0894045244746777,"Lachnospiraceae"
"Otu001317",0.0797824935364788,0.0627006994501507,0.10349502718684,"Ruminococcaceae"
"Otu000284",0.0794830785782926,0.0659491712404765,0.0970910625137698,"Porphyromonadaceae"
"Otu000367",0.0794586060612201,0.0610536626966899,0.0943780127852658,"Bifidobacterium"
"Otu000383",0.0785929273207971,0.0649855245122652,0.09598076243598,"Bacteroides"
"Otu002100",0.0783187694922905,0.0571423744189512,0.096916093340222,"Anaerorhabdus"
"Otu000532",0.0782193002298312,0.0601850491889602,0.0975443104908029,"Bacteroides"
"Otu001942",0.077694541246932,0.0629227254918532,0.0995962376160465,"Coprobacillus"
"Otu001199",0.0776904103633499,0.0569855438484679,0.095847053819383,"Clostridiales"
"Otu001786",0.0776112028353276,0.0543549040471105,0.113923844884046,"Ruminococcaceae"
"Otu000353",0.0774555308640537,0.0555084320992451,0.110827502479765,"Blautia"
"Otu000159",0.0774516440642977,0.0584235017408376,0.0909392286730245,"Bacteroides"
"Otu001508",0.0774361543721708,0.0588542295467311,0.108541504574506,"Clostridiales"
"Otu001045",0.0773703682114972,0.0611821172936081,0.0978042863933696,"Lachnospiraceae"
"Otu000620",0.0772913349504522,0.0526937314855085,0.102450513297514,"Clostridiales"
"Otu000687",0.0767746933936442,0.0551297704215027,0.0977071536321395,"Parabacteroides"
"Otu000336",0.076760310372903,0.0574327797256656,0.0915816405394313,"Porphyromonadaceae"
"Otu000757",0.0767169160690915,0.0596444150135409,0.0918614428992117,"Lachnospiraceae"
"Otu000164",0.0766766643922487,0.0595948277731639,0.0871633624816138,"Bacteroides"
"Otu000888",0.0766042876560107,0.0620689032095857,0.114277143504737,"Bacteroides"
"Otu000543",0.0763192642963372,0.0504427478936589,0.0910930873075372,"Lactobacillus"
"Otu001630",0.0761418986001954,0.0587751543711096,0.102443052470435,"Blautia"
"Otu001423",0.0760102888933192,0.0566032264541343,0.0859686708069385,"Proteobacteria"
"Otu001600",0.0758356053219389,0.0599100931503887,0.100651710241136,"Blautia"
"Otu000873",0.0756082448608554,0.0641314305459149,0.0925940649185829,"Actinomyces"
"Otu000203",0.0751247805140961,0.0577861012397939,0.0952452497292008,"Bacteroides"
"Otu001106",0.0749427977564228,0.0659495645821315,0.0929483261304833,"Clostridiales"
"Otu001593",0.0749372276663588,0.0543555250242197,0.0951634646200201,"Ruminococcaceae"
"Otu000408",0.0747996076756156,0.0505218752456634,0.102834655032828,"Clostridiales"
"Otu000926",0.0747522459234758,0.0576962165721003,0.0858135356800634,"Lachnospiraceae"
"Otu001242",0.0747081395267138,0.0543522617323218,0.100644487104871,"Clostridiales"
"Otu000093",0.074659071024294,0.0589598956207089,0.103230494856466,"Ruminococcaceae"
"Otu003685",0.0746217651925605,0.0569089553622368,0.0884931953155172,"Clostridiales"
"Otu000097",0.0742725259533702,0.0617926078431895,0.0841559573545989,"Blautia"
"Otu000867",0.0741219134923168,0.0575302347516737,0.0993576048801594,"Ruminococcus"
"Otu000136",0.0738895335892638,0.0566213120482885,0.102140809525832,"Blautia"
"Otu001194",0.073636801178028,0.0538023790995839,0.0873926163035885,"Bacteria"
"Otu001664",0.0735038593169244,0.0584115880779147,0.088511270763199,"Lachnospiraceae"
"Otu001933",0.0732612835522051,0.0565854823763291,0.0896522356044376,"Firmicutes"
"Otu000540",0.0731548033503988,0.0548959212253153,0.0928532113004666,"Blautia"
"Otu001658",0.0730941543415757,0.0532423091157419,0.086322213862214,"Pseudomonas"
"Otu000571",0.0730578516441955,0.0572457005347834,0.0856388063683551,"Bacteroides"
"Otu001491",0.0730451756671429,0.0541818623425036,0.0881547120066786,"Alistipes"
"Otu000795",0.0728757417342068,0.0547164609314189,0.088886396962986,"Clostridium XlVa"
"Otu000742",0.0724395508093796,0.0570152907797125,0.0893222369370933,"Bifidobacterium"
"Otu000577",0.0722840428195341,0.0531540702079904,0.0896161063046581,"Phascolarctobacterium"
"Otu001743",0.0722374057492992,0.0578931482336962,0.0965998612957285,"Lachnospiraceae"
"Otu002261",0.0717377954980002,0.0569432669951095,0.0813726265374291,"Bacteria"
"Otu001870",0.0717214741073304,0.0545805151089427,0.0875872916306978,"Clostridiales"
"Otu000234",0.0714580244570279,0.0534200323350935,0.108932768793338,"Alistipes"
"Otu001200",0.0713823967719025,0.0465029998806187,0.0900019030767325,"Clostridiales"
"Otu001957",0.0713778819476689,0.0561058175071307,0.0870698393440336,"Eubacterium"
"Otu001415",0.0712293646307118,0.0529724722395171,0.0844228124986011,"Methylobacterium"
"Otu002126",0.0711657781972535,0.053503299647315,0.093277650485086,"Clostridiales"
"Otu000115",0.0711392118932715,0.0601585247242114,0.0846811650035218,"Clostridiales"
"Otu000832",0.0704305786298867,0.0507392752959479,0.0916883940612499,"Flavonifractor"
"Otu001534",0.0704144217764675,0.0560731577318734,0.0877607805943326,"Clostridiales"
"Otu000110",0.0703807113583736,0.0597129433981662,0.0852530025685866,"Bacteroides"
"Otu000579",0.0703413732140005,0.0551885915741167,0.0881977512611776,"Bifidobacterium"
"Otu001253",0.0698943669656911,0.0510029067554636,0.0863379380602194,"Lachnospiraceae"
"Otu000415",0.0692984674026537,0.058020925818207,0.0849571640729067,"Blautia"
"Otu001102",0.0692395366470154,0.0471963614628054,0.0870927041504864,"Clostridiales"
"Otu000801",0.0685077047108418,0.0529508912636354,0.0865180452324177,"Faecalibacterium"
"Otu000536",0.0682528586186071,0.0552334504845983,0.080375260010666,"Alistipes"
"Otu000302",0.0680639106543531,0.0511002378026878,0.0864433594484837,"Blautia"
"Otu001095",0.0680446589658106,0.0536823662344036,0.0984378392827145,"Clostridiales"
"Otu000090",0.068007641577539,0.0459955592408903,0.0813592054369194,"Faecalibacterium"
"Otu001457",0.0678915299567134,0.0534514443437994,0.08495928270436,"Clostridium IV"
"Otu001419",0.0677526189850691,0.0507351688670418,0.0902752124793545,"Clostridiales"
"Otu000069",0.0674651433098673,0.0465227690304926,0.08037576293794,"Staphylococcus"
"Otu000190",0.0671560707655122,0.0530258571514463,0.0842878665993872,"Streptococcus"
"Otu000230",0.066696982316785,0.0478642040389578,0.0919338497483389,"Ruminococcaceae"
"Otu001335",0.06634062630521,0.0548696151743648,0.077908179661139,"Clostridiales"
"Otu001028",0.0662877856048523,0.0514486260029958,0.0821637103722843,"Clostridiales"
"Otu001026",0.0662055135014172,0.0480797691577733,0.0825586770413101,"Clostridiales"
"Otu000390",0.0652836711865216,0.0507336712192457,0.0795517239202135,"Bacteroides"
"Otu001401",0.0650869081842367,0.0503711619706938,0.0801340722701301,"Clostridium IV"
"Otu000282",0.0650256217395847,0.0532185098339632,0.0828514653015279,"Faecalibacterium"
"Otu001035",0.0648821326253335,0.0480895553860617,0.0842670763944379,"Firmicutes"
"Otu000522",0.0647276125005574,0.0527599558944786,0.0894081992143876,"Bacteroides"
"Otu000292",0.0640976593097653,0.0503753881274898,0.0809698955802929,"Haemophilus"
"Otu001290",0.0639791719063661,0.0482363082291578,0.0824512170723052,"Porphyromonadaceae"
"Otu000210",0.0637822675459082,0.0480325930487149,0.077041234383209,"Porphyromonadaceae"
"Otu001871",0.0635527112722653,0.0507614050721795,0.0786138468739254,"Clostridiales"
"Otu000716",0.063145051605082,0.0463427993729062,0.0724612678115373,"Bacteria"
"Otu001291",0.0629937718756768,0.0494559082027596,0.0724197782683188,"Collinsella"
"Otu001715",0.0629571258093147,0.0505683909623312,0.108242637042084,"Sporobacter"
"Otu000285",0.0628732385529702,0.0497701340309721,0.0803090177282269,"Collinsella"
"Otu002047",0.0626126942563042,0.0401608441702845,0.0773392119618813,"Clostridia"
"Otu000802",0.0620472832785134,0.0433410822281172,0.0836395034501905,"Ruminococcaceae"
"Otu000451",0.0618133297966898,0.0443063997419695,0.0882185829612481,"Dorea"
"Otu000111",0.0618080151559384,0.0524377005586768,0.0761392988794605,"Blautia"
"Otu000808",0.0615892532405327,0.0518860002523249,0.0866551601555296,"Bacteroides"
"Otu000298",0.0615592125933378,0.0400485648490243,0.0796502205863936,"Streptococcus"
"Otu000675",0.0615306560194827,0.0451237407043295,0.0939802183358708,"Oscillibacter"
"Otu000558",0.0612798982798635,0.0475099134652635,0.0773479515605419,"Clostridium IV"
"Otu000654",0.0612670391581168,0.0452204972387982,0.0784323926828483,"Ruminococcaceae"
"Otu000958",0.0609092592431838,0.0443347712352965,0.0880795057968917,"Firmicutes"
"Otu000248",0.0607997317826478,0.0471829068944225,0.0779113680392756,"Clostridiales"
"Otu000334",0.0607287605289463,0.0497450354263484,0.0709058891692195,"Collinsella"
"Otu000799",0.0605629675064978,0.0447203200019639,0.0807622964777335,"Ruminococcaceae"
"Otu000077",0.0603150784410944,0.0449692189526431,0.0745929613647897,"Blautia"
"Otu000162",0.0602107843002832,0.0348437360110184,0.070115073094948,"Roseburia"
"Otu000207",0.060094858648823,0.0409003762611526,0.07781985972392,"Bacteroides"
"Otu000887",0.0598299069139714,0.0488937661598633,0.0736385894361908,"Bacteria"
"Otu001714",0.0595869574295246,0.0439938974557819,0.0735395594275111,"Ruminococcaceae"
"Otu001141",0.0595558818666956,0.04385332553942,0.0827162254280699,"Ruminococcaceae"
"Otu000233",0.0593174160482993,0.045369486794821,0.0721228910048832,"Alistipes"
"Otu001657",0.0592520774335159,0.0485651614483351,0.0707990781242476,"Clostridia"
"Otu000314",0.0590914869396346,0.041628309347008,0.0770275304754414,"Lachnospiraceae"
"Otu000225",0.0588163672710872,0.0407295672677634,0.0733845681392179,"Bacteroides"
"Otu000137",0.0587433868325689,0.0404269774174751,0.0692836392442186,"Blautia"
"Otu000132",0.0583424740588582,0.0402502471882914,0.079487852835448,"Bacteroides"
"Otu000970",0.0583381567691828,0.0445443596429027,0.0685632377835739,"Ruminococcus"
"Otu000067",0.058013331216031,0.0423228204795651,0.0725287071371989,"Lachnospiraceae"
"Otu000878",0.0578759915560144,0.0447323172282673,0.0832752425215184,"Ruminococcaceae"
"Otu001086",0.0576819272690574,0.0440581530286592,0.0778114276125575,"Lachnospiraceae"
"Otu002466",0.0576373486958398,0.0436366812660611,0.0711276164559527,"Ruminococcaceae"
"Otu003727",0.0565421842035999,0.0444416388065381,0.0689666487931283,"Clostridiales"
"Otu001172",0.0564266427678248,0.0449596747843713,0.0774302318737663,"Ruminococcaceae"
"Otu001222",0.0562119786074565,0.0396014979343566,0.0699967908796108,"Lactonifactor"
"Otu000106",0.056148835352553,0.0412049955913592,0.0720847427146385,"Phascolarctobacterium"
"Otu000123",0.0558054936368372,0.0361243715894218,0.0700168097106281,"Faecalibacterium"
"Otu001262",0.0554911346814841,0.0396344478655243,0.0719690233093701,"Sporobacter"
"Otu000527",0.0552992385431796,0.0458413508165609,0.0801539418694188,"Porphyromonadaceae"
"Otu000756",0.0550747896603401,0.0369391210167053,0.0823301815246491,"Clostridium XlVa"
"Otu000143",0.0549639309971317,0.0450405480282777,0.06686567167289,"Blautia"
"Otu000391",0.0549087083366946,0.041555838258285,0.0681038177686348,"Erysipelotrichaceae"
"Otu000264",0.0548428589897837,0.043292095984784,0.0635799181288935,"Bacteroides"
"Otu000211",0.054806964114147,0.0395016202955958,0.0662055607649574,"Alistipes"
"Otu000439",0.054794147008281,0.0417210169229584,0.0705939175263328,"Blautia"
"Otu000598",0.0547592586415714,0.042263598803414,0.0681867052147416,"Blautia"
"Otu000249",0.0546461915659914,0.044993041555518,0.0663912704468934,"Lachnospiraceae"
"Otu001828",0.054559777904036,0.0356987694373062,0.0623700294942232,"Firmicutes"
"Otu000311",0.0537937734564349,0.0413303446656766,0.0638713718887209,"Anaerostipes"
"Otu001488",0.0536024241035256,0.0400754217436089,0.0699716332231456,"Clostridiales"
"Otu002965",0.0535671699069552,0.0406916139780734,0.0722609041610845,"Firmicutes"
"Otu000844",0.0534409218020678,0.0361301031813392,0.0678357820006214,"Turicibacter"
"Otu000220",0.0534350984404055,0.041096011903161,0.066522279633809,"Blautia"
"Otu000288",0.0533982418139238,0.0422473218258156,0.0678442170886288,"Lachnospiraceae"
"Otu002345",0.0532353369404313,0.0397593276859589,0.0626775839048362,"Porphyromonadaceae"
"Otu000822",0.0531519788636672,0.0349980669983114,0.0658070610366419,"Ruminococcaceae"
"Otu003408",0.0531224733951467,0.0418732113379683,0.0660883648129365,"Bacteroidales"
"Otu000216",0.0530667756133006,0.039270999781638,0.069147239146301,"Alistipes"
"Otu001426",0.0529447691987186,0.0427903647710062,0.06568183285809,"Streptococcus"
"Otu000672",0.0528601355841604,0.0379182040089833,0.0735424019039652,"Clostridium IV"
"Otu000399",0.0524022542051401,0.0374231636776556,0.0680663211956612,"Clostridiales"
"Otu000760",0.052174403734606,0.0412444966905909,0.0631067980946572,"Neisseria"
"Otu000280",0.0518194402696837,0.0329692693712915,0.0647166803734261,"Escherichia/Shigella"
"Otu000829",0.051573479616096,0.0362047737775018,0.0601845637850581,"Atopobium"
"Otu001207",0.0510773373005183,0.0334480885157231,0.0625858399238298,"Lachnospiraceae"
"Otu000078",0.0510368840809044,0.0353034560134268,0.0705102021246758,"Lachnospiraceae"
"Otu000433",0.0506486230069054,0.0378689117116268,0.0666839015072908,"Bacteroides"
"Otu000407",0.0506291148036917,0.0393643303231687,0.0711127696326006,"Bacteroides"
"Otu001133",0.0505057706938115,0.0365139453255941,0.0778211471466643,"Ruminococcaceae"
"Otu000771",0.0501135439179941,0.0364655180916144,0.0641917261739638,"Pseudoflavonifractor"
"Otu001518",0.0496596975728953,0.0366996087680437,0.0642498004274223,"Oscillibacter"
"Otu001152",0.0495383200382112,0.035304767634133,0.0630047332839826,"Ruminococcaceae"
"Otu000382",0.0495305124265273,0.0390072992493703,0.0628129506350928,"Bacteroides"
"Otu000575",0.0495079970697988,0.0337531247930253,0.0637834176508918,"Turicibacter"
"Otu001027",0.0493429563394832,0.0357424137748003,0.0630115821823034,"Clostridiales"
"Otu000317",0.048648576258514,0.0345299175171036,0.0605610049730656,"Bacteroides"
"Otu001137",0.0484282310182041,0.035736137183612,0.0610316046128361,"Clostridium IV"
"Otu001855",0.0483474679143469,0.0364392881508871,0.0573787205557632,"Clostridiales"
"Otu000717",0.0480612254101658,0.0371344675116301,0.0751002254232042,"Bacteria"
"Otu002162",0.0479969200973357,0.0370541685580791,0.0630959530397758,"Clostridium IV"
"Otu000142",0.0470940571800791,0.0291294006056272,0.0638596705861083,"Faecalibacterium"
"Otu001170",0.0468230019426475,0.0331758753559953,0.0678687554143848,"Clostridium XlVa"
"Otu001906",0.0467866415478172,0.0315895693045212,0.0752936826382332,"Firmicutes"
"Otu001218",0.0466567636807891,0.0342137142577906,0.0668655697158319,"Clostridium XlVa"
"Otu000095",0.046635699762501,0.0353070485419027,0.0664493795113644,"Coprococcus"
"Otu001522",0.0462848669060086,0.0332314701301666,0.0597739527579629,"Ruminococcaceae"
"Otu000611",0.0462096514459455,0.0337250812488164,0.0603975739862618,"Clostridiales"
"Otu001354",0.0454416236120029,0.0305900404639455,0.0669179856740093,"Bacteria"
"Otu000574",0.0451456746870351,0.0315679387394831,0.0632447387710115,"Bacteroides"
"Otu000473",0.0450786255955473,0.0287032854686038,0.0600541158361694,"Peptostreptococcaceae"
"Otu000201",0.0450030815865221,0.0301328631796084,0.0583404354798215,"Roseburia"
"Otu000719",0.0449905523121545,0.0349745471626054,0.0562833645249301,"Streptococcus"
"Otu000112",0.0448072372999334,0.0318234567852347,0.0607252046447556,"Escherichia/Shigella"
"Otu000400",0.0447970990286841,0.0323182041773232,0.0536079307771228,"Clostridiales"
"Otu000198",0.0447180950142923,0.0333401208847829,0.0573653574231133,"Clostridium sensu stricto"
"Otu000412",0.0445360105657465,0.0323043712378196,0.0712938373872741,"Bacteroides"
"Otu002071",0.0445314540084453,0.0317198179838191,0.0546963366941638,"Ruminococcaceae"
"Otu000403",0.0441403088935352,0.0276714232146747,0.0543659699701488,"Odoribacter"
"Otu000107",0.0439248023402628,0.0348734337399227,0.0608096113245903,"Blautia"
"Otu001796",0.0438873867509405,0.0305941107333041,0.0556645123912751,"Clostridiales"
"Otu000475",0.0438219937712233,0.0342096977899638,0.0540207411907079,"Lachnospiraceae"
"Otu000456",0.0437666001410652,0.0331785771442009,0.05476637711488,"Bacteroides"
"Otu000907",0.0432345780955854,0.0337193095064206,0.0549470212891114,"Faecalibacterium"
"Otu001447",0.0432177567224199,0.0315672291703544,0.0538047779129718,"Clostridium XlVa"
"Otu000387",0.0431880495045288,0.0287720384222547,0.0566499295550874,"Ruminococcaceae"
"Otu002736",0.0431163637889116,0.0303238902938133,0.0523173228010367,"Clostridiales"
"Otu000630",0.0430062300595515,0.0320371814653657,0.0516148150963217,"Bacteroides"
"Otu000372",0.0428064944311222,0.0299008111078254,0.0573825968795315,"Bacteroides"
"Otu002211",0.0426720637016291,0.0316829176715518,0.05849349409021,"Lachnospiraceae"
"Otu001803",0.0422262092867722,0.0335106528300507,0.0604221437870878,"Clostridiales"
"Otu000769",0.0420524640704505,0.0309093421029121,0.0575968871607204,"Faecalibacterium"
"Otu001248",0.0418174230771241,0.0294375824390286,0.0557507704030305,"Bacteria"
"Otu000247",0.0417181849499085,0.0283008353286152,0.0537893520754459,"Bacteria"
"Otu001140",0.0416601442627133,0.0343684771868838,0.047690668108784,"Holdemania"
"Otu000723",0.0413291034841829,0.0304989830826509,0.0683663104161988,"Clostridium XlVb"
"Otu001090",0.0412486412821777,0.0276256369668164,0.0625964393591129,"Bacteria"
"Otu000695",0.040997190972619,0.032664964368284,0.0635432107359349,"Anaerostipes"
"Otu003456",0.0408426278563412,0.0336448950454779,0.0474352403997877,"Actinomycetales"
"Otu002068",0.0407833729372801,0.0300007902509396,0.0591896429893311,"Ruminococcaceae"
"Otu000421",0.0406421478078047,0.0277004769099332,0.0504005613777465,"Bifidobacterium"
"Otu000260",0.0406019362788386,0.0288073224186505,0.0547816140196292,"Blautia"
"Otu001383",0.0405670502520695,0.0283710312734768,0.053446316372895,"Clostridiales"
"Otu000423",0.0404949194957035,0.0301787167170485,0.0462805035075369,"Butyricimonas"
"Otu001991",0.0399984606773166,0.0313198328179155,0.0516313682666026,"Lachnospiraceae"
"Otu001430",0.0398431141200573,0.027667777917832,0.049198145435606,"Bacteroidales"
"Otu001379",0.0398040651175821,0.0298605254410454,0.0529285969500486,"Ruminococcus"
"Otu000313",0.0393750833673018,0.0287054045453548,0.0572412422751006,"Bacteria"
"Otu000733",0.0393081554809396,0.0250974354136637,0.051705173313244,"Ruminococcaceae"
"Otu000900",0.039158637306434,0.0284778628150164,0.0466347363226803,"Lachnospiraceae"
"Otu001756",0.0391494846527231,0.029422478632397,0.059435818265318,"Lachnospiraceae"
"Otu000255",0.0390573886288368,0.0248228021771492,0.0551726431732539,"Faecalibacterium"
"Otu000903",0.0388135533436516,0.0272273431363841,0.0484763413430835,"Blautia"
"Otu001109",0.0387947454800396,0.028911125580065,0.062547026256679,"Corynebacterium"
"Otu001030",0.0385192782442647,0.0280881755069575,0.0577569528563978,"Clostridiales"
"Otu000452",0.0384755947717174,0.0280187314771242,0.0490947465345276,"Ruminococcus"
"Otu000659",0.0384422436531363,0.0265616976474737,0.0490646852596665,"Lachnospiraceae"
"Otu001063",0.0383676279481621,0.0251749376888177,0.0511346918251495,"Ruminococcaceae"
"Otu001173",0.0382261042823065,0.0301181163080548,0.0494550019940431,"Ruminococcaceae"
"Otu000478",0.0379385145348059,0.0266268254403809,0.0592227321877481,"Bacteroides"
"Otu000809",0.0378777905004965,0.0305221622059675,0.0486756309755777,"Clostridium XI"
"Otu000725",0.0378428577612247,0.0238926555080735,0.0513048557933023,"Ruminococcus"
"Otu000323",0.0375663379660516,0.0303948690102132,0.0507026310435455,"Bacteria"
"Otu000724",0.037534097243023,0.0310431174151143,0.0503041903979022,"Blautia"
"Otu003436",0.0374595467132019,0.025337951742308,0.0521677956022929,"Clostridiales"
"Otu002077",0.0371499158106282,0.0270304170976504,0.0474339858856938,"Firmicutes"
"Otu000627",0.036810861010535,0.0264432256775512,0.0596968439414865,"Bacteroides"
"Otu002024",0.0367632532319553,0.0264015029376136,0.0457128964125961,"Ruminococcaceae"
"Otu000458",0.0367182996329475,0.0260779808334693,0.0568444012433284,"Anaerostipes"
"Otu000152",0.0367020004221056,0.0271715747609879,0.0488896721097962,"Ruminococcaceae"
"Otu000357",0.0366993239732675,0.0236758098173535,0.0433333335940185,"Ruminococcus"
"Otu001043",0.036515153285927,0.028612985580107,0.0520275441026996,"Lactobacillus"
"Otu000250",0.0364884777942917,0.0247401170722401,0.0544725008942016,"Roseburia"
"Otu000538",0.0363519582972833,0.0246965977718335,0.0450511226835093,"Clostridiales"
"Otu001629",0.0363171008777144,0.025998903132987,0.0444161913896196,"Ruminococcaceae"
"Otu000608",0.0361049367920983,0.0254874077099561,0.0427013213131712,"Roseburia"
"Otu001450",0.0360169623099815,0.0228493638718887,0.04666047951277,"Ruminococcaceae"
"Otu000360",0.0357055118638971,0.0257151435777627,0.0524468726777196,"Lachnospiraceae"
"Otu000745",0.0355333821481622,0.026700250792639,0.0609023766417749,"Ruminococcaceae"
"Otu000984",0.0355180802099165,0.0239477751426315,0.0536622699280565,"Clostridiales"
"Otu001941",0.035514653273648,0.0268159214123906,0.0520742976802874,"Ruminococcaceae"
"Otu000384",0.0354136420758189,0.0287842029704911,0.0410334211948424,"Blautia"
"Otu000422",0.0351661036031161,0.0234451474444541,0.051918069194516,"Barnesiella"
"Otu000595",0.0349726554755833,0.0254367736039306,0.0484187704743998,"Firmicutes"
"Otu001718",0.0348912874720447,0.0235159344354528,0.0456389845078219,"Ruminococcaceae"
"Otu002036",0.0348261371831013,0.0220548243016004,0.0500546377862986,"Clostridiales"
"Otu002737",0.0343822647100044,0.0251957709257768,0.0492897758092079,"Clostridiales"
"Otu000469",0.0342667736074115,0.0261439138782745,0.0521084693145381,"Anaerostipes"
"Otu000482",0.0341994508216754,0.0270894600558289,0.0410245346689745,"Ruminococcaceae"
"Otu001509",0.034169978555827,0.0231489951418783,0.0442796248652431,"Ruminococcaceae"
"Otu001110",0.0341182279164973,0.0249852298488939,0.0521645291560891,"Corynebacterium"
"Otu001192",0.0339813616444819,0.0223314550619678,0.0479619254439946,"Firmicutes"
"Otu002152",0.0337006653624232,0.0271095561136094,0.0449382544335847,"Ruminococcaceae"
"Otu000364",0.0336276658923242,0.0238312236790714,0.0590480584532098,"Blautia"
"Otu000696",0.0335670136183698,0.0256844886857298,0.0431231872014934,"Ruminococcaceae"
"Otu000192",0.0333724459846877,0.0222975478261084,0.0424515435453105,"Ruminococcus"
"Otu000218",0.0332651892185912,0.0218448801488486,0.0480071198030894,"Ruminococcaceae"
"Otu003054",0.0332352000228362,0.0239938804438391,0.0453045781924982,"Clostridiales"
"Otu000291",0.0332000740746198,0.0204038333540481,0.0418937307951319,"Lachnospiraceae"
"Otu000181",0.0321356083689462,0.0234133613334408,0.0469966732902243,"Lachnospiraceae"
"Otu000467",0.030973023276718,0.0225716915771349,0.0373608634064392,"Bacteroides"
"Otu001179",0.0308477118712861,0.0218795552751223,0.0434755004536687,"Ruminococcaceae"
"Otu001252",0.0308283396337564,0.0241833610149501,0.0389184906969168,"Bacteria"
"Otu000429",0.0302502461005764,0.0195724593915628,0.0386310775604938,"Blautia"
"Otu000228",0.0301793453966597,0.0200101263186117,0.0389477589291485,"Roseburia"
"Otu005269",0.0301006749412837,0.0242619019996755,0.0396510940267776,"Clostridia"
"Otu001324",0.0300177204889926,0.0217560645770163,0.0373504902041878,"Prevotellaceae"
"Otu000591",0.0294646165952452,0.0211639735035346,0.0381841148322899,"Faecalibacterium"
"Otu002704",0.0291744024066608,0.0205891261735564,0.0448713262841365,"Clostridiales"
"Otu000263",0.0290734620022278,0.0184242439175986,0.0385979837770815,"Roseburia"
"Otu001953",0.0289709108894237,0.0165124831031728,0.0401103632006908,"Ruminococcaceae"
"Otu000350",0.0287690311374418,0.0194696244659015,0.0470804281918683,"Faecalibacterium"
"Otu000508",0.0287277907751465,0.0191216318177216,0.0387067092419426,"Bacteroides"
"Otu000685",0.0286268449670573,0.0185304343139643,0.0450723010407841,"Bacteroides"
"Otu000217",0.0285710275054669,0.018570628296117,0.0369393249104805,"Blautia"
"Otu002204",0.0285535933185837,0.0201888489113905,0.0367515780753014,"Ruminococcus"
"Otu000886",0.0281025752817205,0.017879692673969,0.0400031372676606,"Collinsella"
"Otu000213",0.0279385457354826,0.0222899559096517,0.0353626088244525,"Blautia"
"Otu000859",0.0277650755406681,0.0202420294930637,0.0412605858255605,"Pseudomonas"
"Otu000902",0.0274341758221982,0.019813255065783,0.0350919646639123,"Anaerostipes"
"Otu000975",0.0274339405763231,0.0185462055255141,0.0394383671587127,"Alloprevotella"
"Otu001340",0.0273456644326773,0.0195260794477032,0.0409297080726131,"Clostridiales"
"Otu000189",0.0271093840580372,0.0178047184389949,0.0346538056574604,"Bacteroides"
"Otu000352",0.0268943641682178,0.0163146350087825,0.0378823627687019,"Ruminococcaceae"
"Otu001261",0.0267023170048195,0.0186543006592956,0.043807118298083,"Ruminococcaceae"
"Otu001014",0.0264266881560684,0.0193930381906589,0.044153828448897,"Pseudoflavonifractor"
"Otu000636",0.0259895691696773,0.0174718008015778,0.0372087540028892,"Dorea"
"Otu001116",0.0258966704993359,0.0171201368780245,0.0439587897922552,"Lachnospiraceae"
"Otu000266",0.0256262056156353,0.0186059390472868,0.0371090475447813,"Coprococcus"
"Otu000186",0.0254942453072762,0.0168349975007602,0.035513496668897,"Blautia"
"Otu001129",0.0250858713568396,0.0157330122430253,0.0368482393511332,"Porphyromonadaceae"
"Otu001259",0.024177368953795,0.016161710515531,0.0433478248320451,"Ruminococcaceae"
"Otu000252",0.0240084992582687,0.016329860921257,0.0359133504210693,"Roseburia"
"Otu000295",0.023745138496593,0.0172167075799407,0.0311576846433627,"Blautia"
"Otu000411",0.0235553037734793,0.0132304394518719,0.0367687089202584,"Clostridiales"
"Otu000356",0.0234599184063566,0.0144488288002597,0.0318679842855224,"Bacteroides"
"Otu000174",0.0233621793033092,0.0167373580597273,0.0334350912809097,"Blautia"
"Otu000870",0.0228096624826428,0.0148234126300333,0.032740183461097,"Ruminococcaceae"
"Otu002402",0.0226417842061387,0.0147399239653862,0.0352167414596647,"Butyricicoccus"
"Otu000580",0.0225129523551272,0.0150233839040648,0.0341257530372586,"Bacteroides"
"Otu001638",0.0220340329248548,0.0136646187840931,0.0338444565037978,"Ruminococcaceae"
"Otu001009",0.0217770817785454,0.0144554279826016,0.0366786295800981,"Bacteroides"
"Otu000379",0.0217391265498945,0.0144348026085384,0.0325520573717595,"Clostridiales"
"Otu000812",0.021669703426021,0.0144924176164082,0.0361338251029492,"Blautia"
"Otu000600",0.0214706841798925,0.0133676636418648,0.0347730520097615,"Blautia"
"Otu001463",0.0213983892703393,0.01496837796065,0.0372368298410939,"Ruminococcaceae"
"Otu001555",0.0209471268154352,0.0140382745023565,0.0288812518423378,"Lachnospiraceae"
"Otu001382",0.0207965745916156,0.0155659851377071,0.0298790972064628,"Ruminococcaceae"
"Otu000460",0.0201877358736159,0.0134549709412469,0.0314760561404447,"Faecalibacterium"
"Otu000443",0.0198324559515012,0.0151529008971037,0.0351786001727443,"Bacteroides"
"Otu002555",0.0196606924330105,0.0130255417254124,0.027512983918786,"Sporobacter"
"Otu001191",0.0191538298329609,0.0121848424733306,0.0332276794594188,"Bacteroides"
"Otu003573",0.0164402107869988,0.0112074957004135,0.0323505517253972,"Ruminococcaceae"
"Otu000576",0.0159532244730145,0.0106503509353313,0.0268554310220216,"Faecalibacterium"
"Otu000643",0.0150096309398957,0.0105802953446473,0.0226140991454628,"Ruminococcaceae"
"Otu000583",0.0150023181347679,0.00821840942980813,0.0222975314306915,"Alistipes"
"Otu003185",0.0147712109107791,0.0105611501271565,0.0248619651257114,"Clostridia"
"Otu000772",0.0139940257742355,0.00860916450295528,0.0236787681253003,"Ruminococcaceae"
"Otu000673",0.0139733021792699,0.00884885972849328,0.0249601788567182,"Ruminococcaceae"
"Otu001064",0.0129194677581371,0.0076971548389341,0.0223187882481205,"Clostridiales"
